[
  {
    "id": "bmw-01",
    "titel": "BMW 320d Touring",
    "hersteller": "BMW",
    "kraftstoff": "Diesel",
    "getriebe": "Automatik",
    "preis": 6560,
    "km": 119000,
    "ez": "06/2018",
    "status": "verfügbar",
    "bilder": [
      "/uploads/bmw-1.jpg"
    ],
    "details": {
      "fahrzeugart": "Gebrauchtwagen",
      "karosserie": "Coupé",
      "leistung_ps": 270,
      "leistung_kw": 199,
      "hubraum_ccm": 1000,
      "antrieb": "Allrad",
      "farbe": "Blau",
      "innenfarbe": "Grau",
      "tueren": 5,
      "sitze": 5,
      "hu": "01/2026",
      "schadstoffklasse": "Euro 6d-TEMP",
      "umweltplakette": "4 (Grün)",
      "vorbesitzer": 1,
      "unfallfrei": true,
      "scheckheftgepflegt": false,
      "garantie": false,
      "co2_g_km": 194,
      "verbrauch": "8.6 l/100 km",
      "ausstattung": [
        "ABS",
        "Alufelgen",
        "Anhängerkupplung",
        "DAB-Radio",
        "ESP",
        "Freisprecheinrichtung",
        "Keyless Go",
        "LED-Scheinwerfer",
        "Notbremsassistent",
        "Rückfahrkamera",
        "Xenon"
      ],
      "beschreibung": "BMW 320d Touring in gepflegtem Zustand. Unfallfrei.",
      "finanzierung_moeglich": true,
      "inzahlungnahme": true,
      "standort": "Bad Lippspringe",
      "plz": "33175",
      "land": "DE"
    }
  },
  {
    "id": "bmw-02",
    "titel": "BMW X1 sDrive18i",
    "hersteller": "BMW",
    "kraftstoff": "Diesel",
    "getriebe": "Automatik",
    "preis": 8760,
    "km": 104000,
    "ez": "09/2014",
    "status": "reserviert",
    "bilder": [
      "data:image/svg+xml;utf8,%3Csvg%20xmlns%3D%27http%3A//www.w3.org/2000/svg%27%20width%3D%271200%27%20height%3D%27750%27%3E%0A%20%20%20%20%3Cdefs%3E%3ClinearGradient%20id%3D%27g%27%20x1%3D%270%27%20x2%3D%271%27%20y1%3D%270%27%20y2%3D%271%27%3E%0A%20%20%20%20%20%20%3Cstop%20offset%3D%270%27%20stop-color%3D%27%23111318%27%20stop-opacity%3D%270.85%27/%3E%0A%20%20%20%20%20%20%3Cstop%20offset%3D%271%27%20stop-color%3D%27%23b11212%27%20stop-opacity%3D%270.75%27/%3E%0A%20%20%20%20%3C/linearGradient%3E%3C/defs%3E%0A%20%20%20%20%3Crect%20width%3D%271200%27%20height%3D%27750%27%20fill%3D%27url%28%23g%29%27/%3E%0A%20%20%20%20%3Ctext%20x%3D%2760%27%20y%3D%27140%27%20font-family%3D%27Arial%27%20font-size%3D%2764%27%20fill%3D%27white%27%20font-weight%3D%27700%27%3EBMW%20X1%20sDrive18i%3C/text%3E%0A%20%20%20%20%3Ctext%20x%3D%2760%27%20y%3D%27220%27%20font-family%3D%27Arial%27%20font-size%3D%2728%27%20fill%3D%27white%27%20opacity%3D%270.9%27%3EBeispielbild%3C/text%3E%0A%20%20%20%20%3C/svg%3E",
      "data:image/svg+xml;utf8,%3Csvg%20xmlns%3D%27http%3A//www.w3.org/2000/svg%27%20width%3D%271200%27%20height%3D%27750%27%3E%0A%20%20%20%20%3Cdefs%3E%3ClinearGradient%20id%3D%27g%27%20x1%3D%270%27%20x2%3D%271%27%20y1%3D%270%27%20y2%3D%271%27%3E%0A%20%20%20%20%20%20%3Cstop%20offset%3D%270%27%20stop-color%3D%27%23111318%27%20stop-opacity%3D%270.85%27/%3E%0A%20%20%20%20%20%20%3Cstop%20offset%3D%271%27%20stop-color%3D%27%23b11212%27%20stop-opacity%3D%270.75%27/%3E%0A%20%20%20%20%3C/linearGradient%3E%3C/defs%3E%0A%20%20%20%20%3Crect%20width%3D%271200%27%20height%3D%27750%27%20fill%3D%27url%28%23g%29%27/%3E%0A%20%20%20%20%3Ctext%20x%3D%2760%27%20y%3D%27140%27%20font-family%3D%27Arial%27%20font-size%3D%2764%27%20fill%3D%27white%27%20font-weight%3D%27700%27%3EBMW%20X1%20sDrive18i%20%E2%80%93%20Innen%3C/text%3E%0A%20%20%20%20%3Ctext%20x%3D%2760%27%20y%3D%27220%27%20font-family%3D%27Arial%27%20font-size%3D%2728%27%20fill%3D%27white%27%20opacity%3D%270.9%27%3EBeispielbild%3C/text%3E%0A%20%20%20%20%3C/svg%3E"
    ],
    "details": {
      "fahrzeugart": "Gebrauchtwagen",
      "karosserie": "SUV",
      "leistung_ps": 270,
      "leistung_kw": 199,
      "hubraum_ccm": 2450,
      "antrieb": "Allrad",
      "farbe": "Grau",
      "innenfarbe": "Grau",
      "tueren": 3,
      "sitze": 4,
      "hu": "06/2028",
      "schadstoffklasse": "Euro 6d-TEMP",
      "umweltplakette": "4 (Grün)",
      "vorbesitzer": 2,
      "unfallfrei": false,
      "scheckheftgepflegt": false,
      "garantie": false,
      "co2_g_km": 168,
      "verbrauch": "5.6 l/100 km",
      "ausstattung": [
        "Allrad",
        "Anhängerkupplung",
        "Apple CarPlay",
        "Head-Up Display",
        "Klimaanlage",
        "Navigationssystem",
        "Panoramadach",
        "Xenon"
      ],
      "beschreibung": "BMW X1 sDrive18i in gepflegtem Zustand. Kleine Gebrauchsspuren vorhanden.",
      "finanzierung_moeglich": true,
      "inzahlungnahme": true,
      "standort": "Bad Lippspringe",
      "plz": "33175",
      "land": "DE"
    }
  },
  {
    "id": "audi-03",
    "titel": "Audi A4 Avant 2.0 TDI",
    "hersteller": "Audi",
    "kraftstoff": "Diesel",
    "getriebe": "Schaltgetriebe",
    "preis": 14390,
    "km": 66000,
    "ez": "03/2017",
    "status": "verfügbar",
    "bilder": [
      "data:image/svg+xml;utf8,%3Csvg%20xmlns%3D%27http%3A//www.w3.org/2000/svg%27%20width%3D%271200%27%20height%3D%27750%27%3E%0A%20%20%20%20%3Cdefs%3E%3ClinearGradient%20id%3D%27g%27%20x1%3D%270%27%20x2%3D%271%27%20y1%3D%270%27%20y2%3D%271%27%3E%0A%20%20%20%20%20%20%3Cstop%20offset%3D%270%27%20stop-color%3D%27%23111318%27%20stop-opacity%3D%270.85%27/%3E%0A%20%20%20%20%20%20%3Cstop%20offset%3D%271%27%20stop-color%3D%27%23b11212%27%20stop-opacity%3D%270.75%27/%3E%0A%20%20%20%20%3C/linearGradient%3E%3C/defs%3E%0A%20%20%20%20%3Crect%20width%3D%271200%27%20height%3D%27750%27%20fill%3D%27url%28%23g%29%27/%3E%0A%20%20%20%20%3Ctext%20x%3D%2760%27%20y%3D%27140%27%20font-family%3D%27Arial%27%20font-size%3D%2764%27%20fill%3D%27white%27%20font-weight%3D%27700%27%3EAudi%20A4%20Avant%202.0%20TDI%3C/text%3E%0A%20%20%20%20%3Ctext%20x%3D%2760%27%20y%3D%27220%27%20font-family%3D%27Arial%27%20font-size%3D%2728%27%20fill%3D%27white%27%20opacity%3D%270.9%27%3EBeispielbild%3C/text%3E%0A%20%20%20%20%3C/svg%3E",
      "data:image/svg+xml;utf8,%3Csvg%20xmlns%3D%27http%3A//www.w3.org/2000/svg%27%20width%3D%271200%27%20height%3D%27750%27%3E%0A%20%20%20%20%3Cdefs%3E%3ClinearGradient%20id%3D%27g%27%20x1%3D%270%27%20x2%3D%271%27%20y1%3D%270%27%20y2%3D%271%27%3E%0A%20%20%20%20%20%20%3Cstop%20offset%3D%270%27%20stop-color%3D%27%23111318%27%20stop-opacity%3D%270.85%27/%3E%0A%20%20%20%20%20%20%3Cstop%20offset%3D%271%27%20stop-color%3D%27%23b11212%27%20stop-opacity%3D%270.75%27/%3E%0A%20%20%20%20%3C/linearGradient%3E%3C/defs%3E%0A%20%20%20%20%3Crect%20width%3D%271200%27%20height%3D%27750%27%20fill%3D%27url%28%23g%29%27/%3E%0A%20%20%20%20%3Ctext%20x%3D%2760%27%20y%3D%27140%27%20font-family%3D%27Arial%27%20font-size%3D%2764%27%20fill%3D%27white%27%20font-weight%3D%27700%27%3EAudi%20A4%20Avant%202.0%20TDI%20%E2%80%93%20Innen%3C/text%3E%0A%20%20%20%20%3Ctext%20x%3D%2760%27%20y%3D%27220%27%20font-family%3D%27Arial%27%20font-size%3D%2728%27%20fill%3D%27white%27%20opacity%3D%270.9%27%3EBeispielbild%3C/text%3E%0A%20%20%20%20%3C/svg%3E"
    ],
    "details": {
      "fahrzeugart": "Gebrauchtwagen",
      "karosserie": "Kleinwagen",
      "leistung_ps": 205,
      "leistung_kw": 151,
      "hubraum_ccm": 2000,
      "antrieb": "Frontantrieb",
      "farbe": "Silber",
      "innenfarbe": "Grau",
      "tueren": 3,
      "sitze": 4,
      "hu": "12/2026",
      "schadstoffklasse": "Euro 5",
      "umweltplakette": "3 (Gelb)",
      "vorbesitzer": 3,
      "unfallfrei": true,
      "scheckheftgepflegt": true,
      "garantie": true,
      "co2_g_km": 119,
      "verbrauch": "5.8 l/100 km",
      "ausstattung": [
        "ABS",
        "Allrad",
        "Alufelgen",
        "Android Auto",
        "Anhängerkupplung",
        "Bluetooth",
        "DAB-Radio",
        "ESP",
        "Klimaanlage",
        "LED-Scheinwerfer",
        "Navigationssystem",
        "Rückfahrkamera",
        "Sitzheizung",
        "Spurhalteassistent"
      ],
      "beschreibung": "Audi A4 Avant 2.0 TDI in gepflegtem Zustand. Unfallfrei.",
      "finanzierung_moeglich": true,
      "inzahlungnahme": true,
      "standort": "Bad Lippspringe",
      "plz": "33175",
      "land": "DE"
    }
  },
  {
    "id": "audi-04",
    "titel": "Audi Q3 35 TFSI",
    "hersteller": "Audi",
    "kraftstoff": "Hybrid",
    "getriebe": "Schaltgetriebe",
    "preis": 21350,
    "km": 63000,
    "ez": "03/2023",
    "status": "verfügbar",
    "bilder": [
      "data:image/svg+xml;utf8,%3Csvg%20xmlns%3D%27http%3A//www.w3.org/2000/svg%27%20width%3D%271200%27%20height%3D%27750%27%3E%0A%20%20%20%20%3Cdefs%3E%3ClinearGradient%20id%3D%27g%27%20x1%3D%270%27%20x2%3D%271%27%20y1%3D%270%27%20y2%3D%271%27%3E%0A%20%20%20%20%20%20%3Cstop%20offset%3D%270%27%20stop-color%3D%27%23111318%27%20stop-opacity%3D%270.85%27/%3E%0A%20%20%20%20%20%20%3Cstop%20offset%3D%271%27%20stop-color%3D%27%23b11212%27%20stop-opacity%3D%270.75%27/%3E%0A%20%20%20%20%3C/linearGradient%3E%3C/defs%3E%0A%20%20%20%20%3Crect%20width%3D%271200%27%20height%3D%27750%27%20fill%3D%27url%28%23g%29%27/%3E%0A%20%20%20%20%3Ctext%20x%3D%2760%27%20y%3D%27140%27%20font-family%3D%27Arial%27%20font-size%3D%2764%27%20fill%3D%27white%27%20font-weight%3D%27700%27%3EAudi%20Q3%2035%20TFSI%3C/text%3E%0A%20%20%20%20%3Ctext%20x%3D%2760%27%20y%3D%27220%27%20font-family%3D%27Arial%27%20font-size%3D%2728%27%20fill%3D%27white%27%20opacity%3D%270.9%27%3EBeispielbild%3C/text%3E%0A%20%20%20%20%3C/svg%3E",
      "data:image/svg+xml;utf8,%3Csvg%20xmlns%3D%27http%3A//www.w3.org/2000/svg%27%20width%3D%271200%27%20height%3D%27750%27%3E%0A%20%20%20%20%3Cdefs%3E%3ClinearGradient%20id%3D%27g%27%20x1%3D%270%27%20x2%3D%271%27%20y1%3D%270%27%20y2%3D%271%27%3E%0A%20%20%20%20%20%20%3Cstop%20offset%3D%270%27%20stop-color%3D%27%23111318%27%20stop-opacity%3D%270.85%27/%3E%0A%20%20%20%20%20%20%3Cstop%20offset%3D%271%27%20stop-color%3D%27%23b11212%27%20stop-opacity%3D%270.75%27/%3E%0A%20%20%20%20%3C/linearGradient%3E%3C/defs%3E%0A%20%20%20%20%3Crect%20width%3D%271200%27%20height%3D%27750%27%20fill%3D%27url%28%23g%29%27/%3E%0A%20%20%20%20%3Ctext%20x%3D%2760%27%20y%3D%27140%27%20font-family%3D%27Arial%27%20font-size%3D%2764%27%20fill%3D%27white%27%20font-weight%3D%27700%27%3EAudi%20Q3%2035%20TFSI%20%E2%80%93%20Innen%3C/text%3E%0A%20%20%20%20%3Ctext%20x%3D%2760%27%20y%3D%27220%27%20font-family%3D%27Arial%27%20font-size%3D%2728%27%20fill%3D%27white%27%20opacity%3D%270.9%27%3EBeispielbild%3C/text%3E%0A%20%20%20%20%3C/svg%3E"
    ],
    "details": {
      "fahrzeugart": "Gebrauchtwagen",
      "karosserie": "Kleinwagen",
      "leistung_ps": 150,
      "leistung_kw": 110,
      "hubraum_ccm": 950,
      "antrieb": "Allrad",
      "farbe": "Braun",
      "innenfarbe": "Grau",
      "tueren": 3,
      "sitze": 5,
      "hu": "03/2026",
      "schadstoffklasse": "Euro 6",
      "umweltplakette": "4 (Grün)",
      "vorbesitzer": 2,
      "unfallfrei": false,
      "scheckheftgepflegt": true,
      "garantie": true,
      "co2_g_km": 184,
      "verbrauch": "8.4 l/100 km",
      "ausstattung": [
        "Allrad",
        "Alufelgen",
        "Android Auto",
        "Bluetooth",
        "Klimaautomatik",
        "LED-Scheinwerfer",
        "Notbremsassistent",
        "Parksensoren",
        "Sitzheizung"
      ],
      "beschreibung": "Audi Q3 35 TFSI in gepflegtem Zustand. Unfallfrei.",
      "finanzierung_moeglich": true,
      "inzahlungnahme": true,
      "standort": "Bad Lippspringe",
      "plz": "33175",
      "land": "DE"
    }
  },
  {
    "id": "volkswagen-05",
    "titel": "Volkswagen Golf 7 1.5 TSI",
    "hersteller": "Volkswagen",
    "kraftstoff": "Elektro",
    "getriebe": "Automatik",
    "preis": 12260,
    "km": 73000,
    "ez": "10/2018",
    "status": "verfügbar",
    "bilder": [
      "/uploads/golf-1.jpg",
      "/uploads/golf-2.jpg"
    ],
    "details": {
      "fahrzeugart": "Gebrauchtwagen",
      "karosserie": "Van",
      "leistung_ps": 245,
      "leistung_kw": 180,
      "antrieb": "Heckantrieb",
      "farbe": "Rot",
      "innenfarbe": "Beige",
      "tueren": 3,
      "sitze": 4,
      "hu": "03/2027",
      "schadstoffklasse": "keine",
      "umweltplakette": "keine",
      "vorbesitzer": 3,
      "unfallfrei": true,
      "scheckheftgepflegt": true,
      "garantie": true,
      "co2_g_km": 125,
      "verbrauch": "15.9 kWh/100 km",
      "ausstattung": [
        "ABS",
        "Allrad",
        "Android Auto",
        "Apple CarPlay",
        "DAB-Radio",
        "Freisprecheinrichtung",
        "Klimaautomatik",
        "LED-Scheinwerfer",
        "Xenon"
      ],
      "beschreibung": "Volkswagen Golf 7 1.5 TSI in gepflegtem Zustand. Kleine Gebrauchsspuren vorhanden.",
      "finanzierung_moeglich": true,
      "inzahlungnahme": true,
      "standort": "Bad Lippspringe",
      "plz": "33175",
      "land": "DE"
    }
  },
  {
    "id": "volkswagen-06",
    "titel": "Volkswagen Passat Variant 2.0 TDI",
    "hersteller": "Volkswagen",
    "kraftstoff": "Diesel",
    "getriebe": "Automatik",
    "preis": 30470,
    "km": 183000,
    "ez": "07/2023",
    "status": "verfügbar",
    "bilder": [
      "data:image/svg+xml;utf8,%3Csvg%20xmlns%3D%27http%3A//www.w3.org/2000/svg%27%20width%3D%271200%27%20height%3D%27750%27%3E%0A%20%20%20%20%3Cdefs%3E%3ClinearGradient%20id%3D%27g%27%20x1%3D%270%27%20x2%3D%271%27%20y1%3D%270%27%20y2%3D%271%27%3E%0A%20%20%20%20%20%20%3Cstop%20offset%3D%270%27%20stop-color%3D%27%23111318%27%20stop-opacity%3D%270.85%27/%3E%0A%20%20%20%20%20%20%3Cstop%20offset%3D%271%27%20stop-color%3D%27%23b11212%27%20stop-opacity%3D%270.75%27/%3E%0A%20%20%20%20%3C/linearGradient%3E%3C/defs%3E%0A%20%20%20%20%3Crect%20width%3D%271200%27%20height%3D%27750%27%20fill%3D%27url%28%23g%29%27/%3E%0A%20%20%20%20%3Ctext%20x%3D%2760%27%20y%3D%27140%27%20font-family%3D%27Arial%27%20font-size%3D%2764%27%20fill%3D%27white%27%20font-weight%3D%27700%27%3EVolkswagen%20Passat%20Variant%202.0%20TDI%3C/text%3E%0A%20%20%20%20%3Ctext%20x%3D%2760%27%20y%3D%27220%27%20font-family%3D%27Arial%27%20font-size%3D%2728%27%20fill%3D%27white%27%20opacity%3D%270.9%27%3EBeispielbild%3C/text%3E%0A%20%20%20%20%3C/svg%3E",
      "data:image/svg+xml;utf8,%3Csvg%20xmlns%3D%27http%3A//www.w3.org/2000/svg%27%20width%3D%271200%27%20height%3D%27750%27%3E%0A%20%20%20%20%3Cdefs%3E%3ClinearGradient%20id%3D%27g%27%20x1%3D%270%27%20x2%3D%271%27%20y1%3D%270%27%20y2%3D%271%27%3E%0A%20%20%20%20%20%20%3Cstop%20offset%3D%270%27%20stop-color%3D%27%23111318%27%20stop-opacity%3D%270.85%27/%3E%0A%20%20%20%20%20%20%3Cstop%20offset%3D%271%27%20stop-color%3D%27%23b11212%27%20stop-opacity%3D%270.75%27/%3E%0A%20%20%20%20%3C/linearGradient%3E%3C/defs%3E%0A%20%20%20%20%3Crect%20width%3D%271200%27%20height%3D%27750%27%20fill%3D%27url%28%23g%29%27/%3E%0A%20%20%20%20%3Ctext%20x%3D%2760%27%20y%3D%27140%27%20font-family%3D%27Arial%27%20font-size%3D%2764%27%20fill%3D%27white%27%20font-weight%3D%27700%27%3EVolkswagen%20Passat%20Variant%202.0%20TDI%20%E2%80%93%20Innen%3C/text%3E%0A%20%20%20%20%3Ctext%20x%3D%2760%27%20y%3D%27220%27%20font-family%3D%27Arial%27%20font-size%3D%2728%27%20fill%3D%27white%27%20opacity%3D%270.9%27%3EBeispielbild%3C/text%3E%0A%20%20%20%20%3C/svg%3E"
    ],
    "details": {
      "fahrzeugart": "Gebrauchtwagen",
      "karosserie": "Van",
      "leistung_ps": 200,
      "leistung_kw": 147,
      "hubraum_ccm": 1950,
      "antrieb": "Frontantrieb",
      "farbe": "Rot",
      "innenfarbe": "Beige",
      "tueren": 3,
      "sitze": 5,
      "hu": "06/2026",
      "schadstoffklasse": "Euro 6d",
      "umweltplakette": "3 (Gelb)",
      "vorbesitzer": 1,
      "unfallfrei": true,
      "scheckheftgepflegt": false,
      "garantie": true,
      "co2_g_km": 115,
      "verbrauch": "8.0 l/100 km",
      "ausstattung": [
        "Alufelgen",
        "Android Auto",
        "Anhängerkupplung",
        "DAB-Radio",
        "Freisprecheinrichtung",
        "Head-Up Display",
        "Klimaanlage",
        "Klimaautomatik",
        "Navigationssystem",
        "Parksensoren",
        "Rückfahrkamera",
        "Spurhalteassistent",
        "Xenon"
      ],
      "beschreibung": "Volkswagen Passat Variant 2.0 TDI in gepflegtem Zustand. Unfallfrei.",
      "finanzierung_moeglich": true,
      "inzahlungnahme": true,
      "standort": "Bad Lippspringe",
      "plz": "33175",
      "land": "DE"
    }
  },
  {
    "id": "mercedesbenz-07",
    "titel": "Mercedes-Benz C 220 d T-Modell",
    "hersteller": "Mercedes-Benz",
    "kraftstoff": "Benzin",
    "getriebe": "Schaltgetriebe",
    "preis": 15980,
    "km": 148000,
    "ez": "03/2016",
    "status": "reserviert",
    "bilder": [
      "data:image/svg+xml;utf8,%3Csvg%20xmlns%3D%27http%3A//www.w3.org/2000/svg%27%20width%3D%271200%27%20height%3D%27750%27%3E%0A%20%20%20%20%3Cdefs%3E%3ClinearGradient%20id%3D%27g%27%20x1%3D%270%27%20x2%3D%271%27%20y1%3D%270%27%20y2%3D%271%27%3E%0A%20%20%20%20%20%20%3Cstop%20offset%3D%270%27%20stop-color%3D%27%23111318%27%20stop-opacity%3D%270.85%27/%3E%0A%20%20%20%20%20%20%3Cstop%20offset%3D%271%27%20stop-color%3D%27%23b11212%27%20stop-opacity%3D%270.75%27/%3E%0A%20%20%20%20%3C/linearGradient%3E%3C/defs%3E%0A%20%20%20%20%3Crect%20width%3D%271200%27%20height%3D%27750%27%20fill%3D%27url%28%23g%29%27/%3E%0A%20%20%20%20%3Ctext%20x%3D%2760%27%20y%3D%27140%27%20font-family%3D%27Arial%27%20font-size%3D%2764%27%20fill%3D%27white%27%20font-weight%3D%27700%27%3EMercedes-Benz%20C%20220%20d%20T-Modell%3C/text%3E%0A%20%20%20%20%3Ctext%20x%3D%2760%27%20y%3D%27220%27%20font-family%3D%27Arial%27%20font-size%3D%2728%27%20fill%3D%27white%27%20opacity%3D%270.9%27%3EBeispielbild%3C/text%3E%0A%20%20%20%20%3C/svg%3E",
      "data:image/svg+xml;utf8,%3Csvg%20xmlns%3D%27http%3A//www.w3.org/2000/svg%27%20width%3D%271200%27%20height%3D%27750%27%3E%0A%20%20%20%20%3Cdefs%3E%3ClinearGradient%20id%3D%27g%27%20x1%3D%270%27%20x2%3D%271%27%20y1%3D%270%27%20y2%3D%271%27%3E%0A%20%20%20%20%20%20%3Cstop%20offset%3D%270%27%20stop-color%3D%27%23111318%27%20stop-opacity%3D%270.85%27/%3E%0A%20%20%20%20%20%20%3Cstop%20offset%3D%271%27%20stop-color%3D%27%23b11212%27%20stop-opacity%3D%270.75%27/%3E%0A%20%20%20%20%3C/linearGradient%3E%3C/defs%3E%0A%20%20%20%20%3Crect%20width%3D%271200%27%20height%3D%27750%27%20fill%3D%27url%28%23g%29%27/%3E%0A%20%20%20%20%3Ctext%20x%3D%2760%27%20y%3D%27140%27%20font-family%3D%27Arial%27%20font-size%3D%2764%27%20fill%3D%27white%27%20font-weight%3D%27700%27%3EMercedes-Benz%20C%20220%20d%20T-Modell%20%E2%80%93%20Innen%3C/text%3E%0A%20%20%20%20%3Ctext%20x%3D%2760%27%20y%3D%27220%27%20font-family%3D%27Arial%27%20font-size%3D%2728%27%20fill%3D%27white%27%20opacity%3D%270.9%27%3EBeispielbild%3C/text%3E%0A%20%20%20%20%3C/svg%3E"
    ],
    "details": {
      "fahrzeugart": "Gebrauchtwagen",
      "karosserie": "SUV",
      "leistung_ps": 110,
      "leistung_kw": 81,
      "hubraum_ccm": 2450,
      "antrieb": "Allrad",
      "farbe": "Schwarz",
      "innenfarbe": "Schwarz",
      "tueren": 5,
      "sitze": 4,
      "hu": "12/2026",
      "schadstoffklasse": "Euro 5",
      "umweltplakette": "3 (Gelb)",
      "vorbesitzer": 1,
      "unfallfrei": true,
      "scheckheftgepflegt": true,
      "garantie": true,
      "co2_g_km": 181,
      "verbrauch": "7.5 l/100 km",
      "ausstattung": [
        "ABS",
        "Allrad",
        "Anhängerkupplung",
        "Bluetooth",
        "ESP",
        "Klimaanlage",
        "LED-Scheinwerfer",
        "Navigationssystem",
        "Sitzheizung",
        "Tempomat",
        "Xenon"
      ],
      "beschreibung": "Mercedes-Benz C 220 d T-Modell in gepflegtem Zustand. Unfallfrei.",
      "finanzierung_moeglich": true,
      "inzahlungnahme": true,
      "standort": "Bad Lippspringe",
      "plz": "33175",
      "land": "DE"
    }
  },
  {
    "id": "mercedesbenz-08",
    "titel": "Mercedes-Benz A 200",
    "hersteller": "Mercedes-Benz",
    "kraftstoff": "LPG",
    "getriebe": "Automatik",
    "preis": 27640,
    "km": 139000,
    "ez": "05/2019",
    "status": "verfügbar",
    "bilder": [
      "data:image/svg+xml;utf8,%3Csvg%20xmlns%3D%27http%3A//www.w3.org/2000/svg%27%20width%3D%271200%27%20height%3D%27750%27%3E%0A%20%20%20%20%3Cdefs%3E%3ClinearGradient%20id%3D%27g%27%20x1%3D%270%27%20x2%3D%271%27%20y1%3D%270%27%20y2%3D%271%27%3E%0A%20%20%20%20%20%20%3Cstop%20offset%3D%270%27%20stop-color%3D%27%23111318%27%20stop-opacity%3D%270.85%27/%3E%0A%20%20%20%20%20%20%3Cstop%20offset%3D%271%27%20stop-color%3D%27%23b11212%27%20stop-opacity%3D%270.75%27/%3E%0A%20%20%20%20%3C/linearGradient%3E%3C/defs%3E%0A%20%20%20%20%3Crect%20width%3D%271200%27%20height%3D%27750%27%20fill%3D%27url%28%23g%29%27/%3E%0A%20%20%20%20%3Ctext%20x%3D%2760%27%20y%3D%27140%27%20font-family%3D%27Arial%27%20font-size%3D%2764%27%20fill%3D%27white%27%20font-weight%3D%27700%27%3EMercedes-Benz%20A%20200%3C/text%3E%0A%20%20%20%20%3Ctext%20x%3D%2760%27%20y%3D%27220%27%20font-family%3D%27Arial%27%20font-size%3D%2728%27%20fill%3D%27white%27%20opacity%3D%270.9%27%3EBeispielbild%3C/text%3E%0A%20%20%20%20%3C/svg%3E",
      "data:image/svg+xml;utf8,%3Csvg%20xmlns%3D%27http%3A//www.w3.org/2000/svg%27%20width%3D%271200%27%20height%3D%27750%27%3E%0A%20%20%20%20%3Cdefs%3E%3ClinearGradient%20id%3D%27g%27%20x1%3D%270%27%20x2%3D%271%27%20y1%3D%270%27%20y2%3D%271%27%3E%0A%20%20%20%20%20%20%3Cstop%20offset%3D%270%27%20stop-color%3D%27%23111318%27%20stop-opacity%3D%270.85%27/%3E%0A%20%20%20%20%20%20%3Cstop%20offset%3D%271%27%20stop-color%3D%27%23b11212%27%20stop-opacity%3D%270.75%27/%3E%0A%20%20%20%20%3C/linearGradient%3E%3C/defs%3E%0A%20%20%20%20%3Crect%20width%3D%271200%27%20height%3D%27750%27%20fill%3D%27url%28%23g%29%27/%3E%0A%20%20%20%20%3Ctext%20x%3D%2760%27%20y%3D%27140%27%20font-family%3D%27Arial%27%20font-size%3D%2764%27%20fill%3D%27white%27%20font-weight%3D%27700%27%3EMercedes-Benz%20A%20200%20%E2%80%93%20Innen%3C/text%3E%0A%20%20%20%20%3Ctext%20x%3D%2760%27%20y%3D%27220%27%20font-family%3D%27Arial%27%20font-size%3D%2728%27%20fill%3D%27white%27%20opacity%3D%270.9%27%3EBeispielbild%3C/text%3E%0A%20%20%20%20%3C/svg%3E"
    ],
    "details": {
      "fahrzeugart": "Gebrauchtwagen",
      "karosserie": "Kleinwagen",
      "leistung_ps": 115,
      "leistung_kw": 85,
      "hubraum_ccm": 2450,
      "antrieb": "Frontantrieb",
      "farbe": "Blau",
      "innenfarbe": "Beige",
      "tueren": 5,
      "sitze": 4,
      "hu": "03/2026",
      "schadstoffklasse": "Euro 6d-TEMP",
      "umweltplakette": "3 (Gelb)",
      "vorbesitzer": 3,
      "unfallfrei": false,
      "scheckheftgepflegt": true,
      "garantie": true,
      "co2_g_km": 161,
      "verbrauch": "8.6 l/100 km",
      "ausstattung": [
        "Allrad",
        "Alufelgen",
        "Bluetooth",
        "DAB-Radio",
        "Head-Up Display",
        "Notbremsassistent",
        "Parksensoren",
        "Rückfahrkamera",
        "Xenon"
      ],
      "beschreibung": "Mercedes-Benz A 200 in gepflegtem Zustand. Unfallfrei.",
      "finanzierung_moeglich": true,
      "inzahlungnahme": true,
      "standort": "Bad Lippspringe",
      "plz": "33175",
      "land": "DE"
    }
  },
  {
    "id": "opel-09",
    "titel": "Opel Astra 1.4 Turbo",
    "hersteller": "Opel",
    "kraftstoff": "Hybrid",
    "getriebe": "Automatik",
    "preis": 11120,
    "km": 40000,
    "ez": "04/2017",
    "status": "verfügbar",
    "bilder": [
      "data:image/svg+xml;utf8,%3Csvg%20xmlns%3D%27http%3A//www.w3.org/2000/svg%27%20width%3D%271200%27%20height%3D%27750%27%3E%0A%20%20%20%20%3Cdefs%3E%3ClinearGradient%20id%3D%27g%27%20x1%3D%270%27%20x2%3D%271%27%20y1%3D%270%27%20y2%3D%271%27%3E%0A%20%20%20%20%20%20%3Cstop%20offset%3D%270%27%20stop-color%3D%27%23111318%27%20stop-opacity%3D%270.85%27/%3E%0A%20%20%20%20%20%20%3Cstop%20offset%3D%271%27%20stop-color%3D%27%23b11212%27%20stop-opacity%3D%270.75%27/%3E%0A%20%20%20%20%3C/linearGradient%3E%3C/defs%3E%0A%20%20%20%20%3Crect%20width%3D%271200%27%20height%3D%27750%27%20fill%3D%27url%28%23g%29%27/%3E%0A%20%20%20%20%3Ctext%20x%3D%2760%27%20y%3D%27140%27%20font-family%3D%27Arial%27%20font-size%3D%2764%27%20fill%3D%27white%27%20font-weight%3D%27700%27%3EOpel%20Astra%201.4%20Turbo%3C/text%3E%0A%20%20%20%20%3Ctext%20x%3D%2760%27%20y%3D%27220%27%20font-family%3D%27Arial%27%20font-size%3D%2728%27%20fill%3D%27white%27%20opacity%3D%270.9%27%3EBeispielbild%3C/text%3E%0A%20%20%20%20%3C/svg%3E",
      "data:image/svg+xml;utf8,%3Csvg%20xmlns%3D%27http%3A//www.w3.org/2000/svg%27%20width%3D%271200%27%20height%3D%27750%27%3E%0A%20%20%20%20%3Cdefs%3E%3ClinearGradient%20id%3D%27g%27%20x1%3D%270%27%20x2%3D%271%27%20y1%3D%270%27%20y2%3D%271%27%3E%0A%20%20%20%20%20%20%3Cstop%20offset%3D%270%27%20stop-color%3D%27%23111318%27%20stop-opacity%3D%270.85%27/%3E%0A%20%20%20%20%20%20%3Cstop%20offset%3D%271%27%20stop-color%3D%27%23b11212%27%20stop-opacity%3D%270.75%27/%3E%0A%20%20%20%20%3C/linearGradient%3E%3C/defs%3E%0A%20%20%20%20%3Crect%20width%3D%271200%27%20height%3D%27750%27%20fill%3D%27url%28%23g%29%27/%3E%0A%20%20%20%20%3Ctext%20x%3D%2760%27%20y%3D%27140%27%20font-family%3D%27Arial%27%20font-size%3D%2764%27%20fill%3D%27white%27%20font-weight%3D%27700%27%3EOpel%20Astra%201.4%20Turbo%20%E2%80%93%20Innen%3C/text%3E%0A%20%20%20%20%3Ctext%20x%3D%2760%27%20y%3D%27220%27%20font-family%3D%27Arial%27%20font-size%3D%2728%27%20fill%3D%27white%27%20opacity%3D%270.9%27%3EBeispielbild%3C/text%3E%0A%20%20%20%20%3C/svg%3E"
    ],
    "details": {
      "fahrzeugart": "Gebrauchtwagen",
      "karosserie": "Limousine",
      "leistung_ps": 290,
      "leistung_kw": 213,
      "hubraum_ccm": 1100,
      "antrieb": "Heckantrieb",
      "farbe": "Blau",
      "innenfarbe": "Schwarz",
      "tueren": 5,
      "sitze": 7,
      "hu": "03/2028",
      "schadstoffklasse": "Euro 6",
      "umweltplakette": "4 (Grün)",
      "vorbesitzer": 3,
      "unfallfrei": true,
      "scheckheftgepflegt": true,
      "garantie": false,
      "co2_g_km": 107,
      "verbrauch": "7.7 l/100 km",
      "ausstattung": [
        "ABS",
        "Allrad",
        "Android Auto",
        "Apple CarPlay",
        "Bluetooth",
        "DAB-Radio",
        "Freisprecheinrichtung",
        "Head-Up Display",
        "Klimaanlage",
        "Navigationssystem",
        "Panoramadach",
        "Parksensoren",
        "Tempomat",
        "Xenon"
      ],
      "beschreibung": "Opel Astra 1.4 Turbo in gepflegtem Zustand. Unfallfrei.",
      "finanzierung_moeglich": true,
      "inzahlungnahme": true,
      "standort": "Bad Lippspringe",
      "plz": "33175",
      "land": "DE"
    }
  },
  {
    "id": "opel-10",
    "titel": "Opel Insignia Sports Tourer",
    "hersteller": "Opel",
    "kraftstoff": "Hybrid",
    "getriebe": "Schaltgetriebe",
    "preis": 24980,
    "km": 82000,
    "ez": "09/2022",
    "status": "verfügbar",
    "bilder": [
      "data:image/svg+xml;utf8,%3Csvg%20xmlns%3D%27http%3A//www.w3.org/2000/svg%27%20width%3D%271200%27%20height%3D%27750%27%3E%0A%20%20%20%20%3Cdefs%3E%3ClinearGradient%20id%3D%27g%27%20x1%3D%270%27%20x2%3D%271%27%20y1%3D%270%27%20y2%3D%271%27%3E%0A%20%20%20%20%20%20%3Cstop%20offset%3D%270%27%20stop-color%3D%27%23111318%27%20stop-opacity%3D%270.85%27/%3E%0A%20%20%20%20%20%20%3Cstop%20offset%3D%271%27%20stop-color%3D%27%23b11212%27%20stop-opacity%3D%270.75%27/%3E%0A%20%20%20%20%3C/linearGradient%3E%3C/defs%3E%0A%20%20%20%20%3Crect%20width%3D%271200%27%20height%3D%27750%27%20fill%3D%27url%28%23g%29%27/%3E%0A%20%20%20%20%3Ctext%20x%3D%2760%27%20y%3D%27140%27%20font-family%3D%27Arial%27%20font-size%3D%2764%27%20fill%3D%27white%27%20font-weight%3D%27700%27%3EOpel%20Insignia%20Sports%20Tourer%3C/text%3E%0A%20%20%20%20%3Ctext%20x%3D%2760%27%20y%3D%27220%27%20font-family%3D%27Arial%27%20font-size%3D%2728%27%20fill%3D%27white%27%20opacity%3D%270.9%27%3EBeispielbild%3C/text%3E%0A%20%20%20%20%3C/svg%3E",
      "data:image/svg+xml;utf8,%3Csvg%20xmlns%3D%27http%3A//www.w3.org/2000/svg%27%20width%3D%271200%27%20height%3D%27750%27%3E%0A%20%20%20%20%3Cdefs%3E%3ClinearGradient%20id%3D%27g%27%20x1%3D%270%27%20x2%3D%271%27%20y1%3D%270%27%20y2%3D%271%27%3E%0A%20%20%20%20%20%20%3Cstop%20offset%3D%270%27%20stop-color%3D%27%23111318%27%20stop-opacity%3D%270.85%27/%3E%0A%20%20%20%20%20%20%3Cstop%20offset%3D%271%27%20stop-color%3D%27%23b11212%27%20stop-opacity%3D%270.75%27/%3E%0A%20%20%20%20%3C/linearGradient%3E%3C/defs%3E%0A%20%20%20%20%3Crect%20width%3D%271200%27%20height%3D%27750%27%20fill%3D%27url%28%23g%29%27/%3E%0A%20%20%20%20%3Ctext%20x%3D%2760%27%20y%3D%27140%27%20font-family%3D%27Arial%27%20font-size%3D%2764%27%20fill%3D%27white%27%20font-weight%3D%27700%27%3EOpel%20Insignia%20Sports%20Tourer%20%E2%80%93%20Innen%3C/text%3E%0A%20%20%20%20%3Ctext%20x%3D%2760%27%20y%3D%27220%27%20font-family%3D%27Arial%27%20font-size%3D%2728%27%20fill%3D%27white%27%20opacity%3D%270.9%27%3EBeispielbild%3C/text%3E%0A%20%20%20%20%3C/svg%3E"
    ],
    "details": {
      "fahrzeugart": "Gebrauchtwagen",
      "karosserie": "Van",
      "leistung_ps": 175,
      "leistung_kw": 129,
      "hubraum_ccm": 1050,
      "antrieb": "Allrad",
      "farbe": "Schwarz",
      "innenfarbe": "Grau",
      "tueren": 5,
      "sitze": 4,
      "hu": "06/2027",
      "schadstoffklasse": "Euro 5",
      "umweltplakette": "3 (Gelb)",
      "vorbesitzer": 3,
      "unfallfrei": true,
      "scheckheftgepflegt": false,
      "garantie": false,
      "co2_g_km": 202,
      "verbrauch": "8.1 l/100 km",
      "ausstattung": [
        "Allrad",
        "Android Auto",
        "Bluetooth",
        "DAB-Radio",
        "Klimaanlage",
        "Klimaautomatik",
        "Navigationssystem",
        "Panoramadach",
        "Rückfahrkamera",
        "Spurhalteassistent",
        "Xenon"
      ],
      "beschreibung": "Opel Insignia Sports Tourer in gepflegtem Zustand. Kleine Gebrauchsspuren vorhanden.",
      "finanzierung_moeglich": true,
      "inzahlungnahme": true,
      "standort": "Bad Lippspringe",
      "plz": "33175",
      "land": "DE"
    }
  },
  {
    "id": "ford-11",
    "titel": "Ford Focus 1.0 EcoBoost",
    "hersteller": "Ford",
    "kraftstoff": "Benzin",
    "getriebe": "Schaltgetriebe",
    "preis": 39540,
    "km": 57000,
    "ez": "01/2023",
    "status": "verfügbar",
    "bilder": [
      "data:image/svg+xml;utf8,%3Csvg%20xmlns%3D%27http%3A//www.w3.org/2000/svg%27%20width%3D%271200%27%20height%3D%27750%27%3E%0A%20%20%20%20%3Cdefs%3E%3ClinearGradient%20id%3D%27g%27%20x1%3D%270%27%20x2%3D%271%27%20y1%3D%270%27%20y2%3D%271%27%3E%0A%20%20%20%20%20%20%3Cstop%20offset%3D%270%27%20stop-color%3D%27%23111318%27%20stop-opacity%3D%270.85%27/%3E%0A%20%20%20%20%20%20%3Cstop%20offset%3D%271%27%20stop-color%3D%27%23b11212%27%20stop-opacity%3D%270.75%27/%3E%0A%20%20%20%20%3C/linearGradient%3E%3C/defs%3E%0A%20%20%20%20%3Crect%20width%3D%271200%27%20height%3D%27750%27%20fill%3D%27url%28%23g%29%27/%3E%0A%20%20%20%20%3Ctext%20x%3D%2760%27%20y%3D%27140%27%20font-family%3D%27Arial%27%20font-size%3D%2764%27%20fill%3D%27white%27%20font-weight%3D%27700%27%3EFord%20Focus%201.0%20EcoBoost%3C/text%3E%0A%20%20%20%20%3Ctext%20x%3D%2760%27%20y%3D%27220%27%20font-family%3D%27Arial%27%20font-size%3D%2728%27%20fill%3D%27white%27%20opacity%3D%270.9%27%3EBeispielbild%3C/text%3E%0A%20%20%20%20%3C/svg%3E",
      "data:image/svg+xml;utf8,%3Csvg%20xmlns%3D%27http%3A//www.w3.org/2000/svg%27%20width%3D%271200%27%20height%3D%27750%27%3E%0A%20%20%20%20%3Cdefs%3E%3ClinearGradient%20id%3D%27g%27%20x1%3D%270%27%20x2%3D%271%27%20y1%3D%270%27%20y2%3D%271%27%3E%0A%20%20%20%20%20%20%3Cstop%20offset%3D%270%27%20stop-color%3D%27%23111318%27%20stop-opacity%3D%270.85%27/%3E%0A%20%20%20%20%20%20%3Cstop%20offset%3D%271%27%20stop-color%3D%27%23b11212%27%20stop-opacity%3D%270.75%27/%3E%0A%20%20%20%20%3C/linearGradient%3E%3C/defs%3E%0A%20%20%20%20%3Crect%20width%3D%271200%27%20height%3D%27750%27%20fill%3D%27url%28%23g%29%27/%3E%0A%20%20%20%20%3Ctext%20x%3D%2760%27%20y%3D%27140%27%20font-family%3D%27Arial%27%20font-size%3D%2764%27%20fill%3D%27white%27%20font-weight%3D%27700%27%3EFord%20Focus%201.0%20EcoBoost%20%E2%80%93%20Innen%3C/text%3E%0A%20%20%20%20%3Ctext%20x%3D%2760%27%20y%3D%27220%27%20font-family%3D%27Arial%27%20font-size%3D%2728%27%20fill%3D%27white%27%20opacity%3D%270.9%27%3EBeispielbild%3C/text%3E%0A%20%20%20%20%3C/svg%3E"
    ],
    "details": {
      "fahrzeugart": "Gebrauchtwagen",
      "karosserie": "SUV",
      "leistung_ps": 90,
      "leistung_kw": 66,
      "hubraum_ccm": 900,
      "antrieb": "Heckantrieb",
      "farbe": "Silber",
      "innenfarbe": "Beige",
      "tueren": 3,
      "sitze": 7,
      "hu": "03/2027",
      "schadstoffklasse": "Euro 6d",
      "umweltplakette": "3 (Gelb)",
      "vorbesitzer": 1,
      "unfallfrei": false,
      "scheckheftgepflegt": false,
      "garantie": false,
      "co2_g_km": 177,
      "verbrauch": "8.3 l/100 km",
      "ausstattung": [
        "ABS",
        "Allrad",
        "Alufelgen",
        "Anhängerkupplung",
        "Apple CarPlay",
        "Freisprecheinrichtung",
        "LED-Scheinwerfer",
        "Navigationssystem",
        "Panoramadach",
        "Spurhalteassistent",
        "Xenon"
      ],
      "beschreibung": "Ford Focus 1.0 EcoBoost in gepflegtem Zustand. Kleine Gebrauchsspuren vorhanden.",
      "finanzierung_moeglich": true,
      "inzahlungnahme": true,
      "standort": "Bad Lippspringe",
      "plz": "33175",
      "land": "DE"
    }
  },
  {
    "id": "ford-12",
    "titel": "Ford Kuga 2.0 TDCi",
    "hersteller": "Ford",
    "kraftstoff": "Elektro",
    "getriebe": "Automatik",
    "preis": 35210,
    "km": 59000,
    "ez": "06/2021",
    "status": "verfügbar",
    "bilder": [
      "data:image/svg+xml;utf8,%3Csvg%20xmlns%3D%27http%3A//www.w3.org/2000/svg%27%20width%3D%271200%27%20height%3D%27750%27%3E%0A%20%20%20%20%3Cdefs%3E%3ClinearGradient%20id%3D%27g%27%20x1%3D%270%27%20x2%3D%271%27%20y1%3D%270%27%20y2%3D%271%27%3E%0A%20%20%20%20%20%20%3Cstop%20offset%3D%270%27%20stop-color%3D%27%23111318%27%20stop-opacity%3D%270.85%27/%3E%0A%20%20%20%20%20%20%3Cstop%20offset%3D%271%27%20stop-color%3D%27%23b11212%27%20stop-opacity%3D%270.75%27/%3E%0A%20%20%20%20%3C/linearGradient%3E%3C/defs%3E%0A%20%20%20%20%3Crect%20width%3D%271200%27%20height%3D%27750%27%20fill%3D%27url%28%23g%29%27/%3E%0A%20%20%20%20%3Ctext%20x%3D%2760%27%20y%3D%27140%27%20font-family%3D%27Arial%27%20font-size%3D%2764%27%20fill%3D%27white%27%20font-weight%3D%27700%27%3EFord%20Kuga%202.0%20TDCi%3C/text%3E%0A%20%20%20%20%3Ctext%20x%3D%2760%27%20y%3D%27220%27%20font-family%3D%27Arial%27%20font-size%3D%2728%27%20fill%3D%27white%27%20opacity%3D%270.9%27%3EBeispielbild%3C/text%3E%0A%20%20%20%20%3C/svg%3E",
      "data:image/svg+xml;utf8,%3Csvg%20xmlns%3D%27http%3A//www.w3.org/2000/svg%27%20width%3D%271200%27%20height%3D%27750%27%3E%0A%20%20%20%20%3Cdefs%3E%3ClinearGradient%20id%3D%27g%27%20x1%3D%270%27%20x2%3D%271%27%20y1%3D%270%27%20y2%3D%271%27%3E%0A%20%20%20%20%20%20%3Cstop%20offset%3D%270%27%20stop-color%3D%27%23111318%27%20stop-opacity%3D%270.85%27/%3E%0A%20%20%20%20%20%20%3Cstop%20offset%3D%271%27%20stop-color%3D%27%23b11212%27%20stop-opacity%3D%270.75%27/%3E%0A%20%20%20%20%3C/linearGradient%3E%3C/defs%3E%0A%20%20%20%20%3Crect%20width%3D%271200%27%20height%3D%27750%27%20fill%3D%27url%28%23g%29%27/%3E%0A%20%20%20%20%3Ctext%20x%3D%2760%27%20y%3D%27140%27%20font-family%3D%27Arial%27%20font-size%3D%2764%27%20fill%3D%27white%27%20font-weight%3D%27700%27%3EFord%20Kuga%202.0%20TDCi%20%E2%80%93%20Innen%3C/text%3E%0A%20%20%20%20%3Ctext%20x%3D%2760%27%20y%3D%27220%27%20font-family%3D%27Arial%27%20font-size%3D%2728%27%20fill%3D%27white%27%20opacity%3D%270.9%27%3EBeispielbild%3C/text%3E%0A%20%20%20%20%3C/svg%3E"
    ],
    "details": {
      "fahrzeugart": "Gebrauchtwagen",
      "karosserie": "Kleinwagen",
      "leistung_ps": 185,
      "leistung_kw": 136,
      "antrieb": "Heckantrieb",
      "farbe": "Blau",
      "innenfarbe": "Grau",
      "tueren": 3,
      "sitze": 4,
      "hu": "06/2026",
      "schadstoffklasse": "keine",
      "umweltplakette": "keine",
      "vorbesitzer": 1,
      "unfallfrei": false,
      "scheckheftgepflegt": true,
      "garantie": false,
      "co2_g_km": 42,
      "verbrauch": "15.0 kWh/100 km",
      "ausstattung": [
        "Android Auto",
        "Apple CarPlay",
        "Bluetooth",
        "DAB-Radio",
        "Freisprecheinrichtung",
        "Klimaanlage",
        "Klimaautomatik",
        "Notbremsassistent",
        "Tempomat",
        "Xenon"
      ],
      "beschreibung": "Ford Kuga 2.0 TDCi in gepflegtem Zustand. Unfallfrei.",
      "finanzierung_moeglich": true,
      "inzahlungnahme": true,
      "standort": "Bad Lippspringe",
      "plz": "33175",
      "land": "DE"
    }
  },
  {
    "id": "skoda-13",
    "titel": "Skoda Octavia Combi 2.0 TDI",
    "hersteller": "Skoda",
    "kraftstoff": "Diesel",
    "getriebe": "Automatik",
    "preis": 7470,
    "km": 160000,
    "ez": "06/2021",
    "status": "verfügbar",
    "bilder": [
      "data:image/svg+xml;utf8,%3Csvg%20xmlns%3D%27http%3A//www.w3.org/2000/svg%27%20width%3D%271200%27%20height%3D%27750%27%3E%0A%20%20%20%20%3Cdefs%3E%3ClinearGradient%20id%3D%27g%27%20x1%3D%270%27%20x2%3D%271%27%20y1%3D%270%27%20y2%3D%271%27%3E%0A%20%20%20%20%20%20%3Cstop%20offset%3D%270%27%20stop-color%3D%27%23111318%27%20stop-opacity%3D%270.85%27/%3E%0A%20%20%20%20%20%20%3Cstop%20offset%3D%271%27%20stop-color%3D%27%23b11212%27%20stop-opacity%3D%270.75%27/%3E%0A%20%20%20%20%3C/linearGradient%3E%3C/defs%3E%0A%20%20%20%20%3Crect%20width%3D%271200%27%20height%3D%27750%27%20fill%3D%27url%28%23g%29%27/%3E%0A%20%20%20%20%3Ctext%20x%3D%2760%27%20y%3D%27140%27%20font-family%3D%27Arial%27%20font-size%3D%2764%27%20fill%3D%27white%27%20font-weight%3D%27700%27%3ESkoda%20Octavia%20Combi%202.0%20TDI%3C/text%3E%0A%20%20%20%20%3Ctext%20x%3D%2760%27%20y%3D%27220%27%20font-family%3D%27Arial%27%20font-size%3D%2728%27%20fill%3D%27white%27%20opacity%3D%270.9%27%3EBeispielbild%3C/text%3E%0A%20%20%20%20%3C/svg%3E",
      "data:image/svg+xml;utf8,%3Csvg%20xmlns%3D%27http%3A//www.w3.org/2000/svg%27%20width%3D%271200%27%20height%3D%27750%27%3E%0A%20%20%20%20%3Cdefs%3E%3ClinearGradient%20id%3D%27g%27%20x1%3D%270%27%20x2%3D%271%27%20y1%3D%270%27%20y2%3D%271%27%3E%0A%20%20%20%20%20%20%3Cstop%20offset%3D%270%27%20stop-color%3D%27%23111318%27%20stop-opacity%3D%270.85%27/%3E%0A%20%20%20%20%20%20%3Cstop%20offset%3D%271%27%20stop-color%3D%27%23b11212%27%20stop-opacity%3D%270.75%27/%3E%0A%20%20%20%20%3C/linearGradient%3E%3C/defs%3E%0A%20%20%20%20%3Crect%20width%3D%271200%27%20height%3D%27750%27%20fill%3D%27url%28%23g%29%27/%3E%0A%20%20%20%20%3Ctext%20x%3D%2760%27%20y%3D%27140%27%20font-family%3D%27Arial%27%20font-size%3D%2764%27%20fill%3D%27white%27%20font-weight%3D%27700%27%3ESkoda%20Octavia%20Combi%202.0%20TDI%20%E2%80%93%20Innen%3C/text%3E%0A%20%20%20%20%3Ctext%20x%3D%2760%27%20y%3D%27220%27%20font-family%3D%27Arial%27%20font-size%3D%2728%27%20fill%3D%27white%27%20opacity%3D%270.9%27%3EBeispielbild%3C/text%3E%0A%20%20%20%20%3C/svg%3E"
    ],
    "details": {
      "fahrzeugart": "Gebrauchtwagen",
      "karosserie": "Kombi",
      "leistung_ps": 330,
      "leistung_kw": 243,
      "hubraum_ccm": 900,
      "antrieb": "Heckantrieb",
      "farbe": "Weiß",
      "innenfarbe": "Schwarz",
      "tueren": 3,
      "sitze": 5,
      "hu": "03/2027",
      "schadstoffklasse": "Euro 6d-TEMP",
      "umweltplakette": "3 (Gelb)",
      "vorbesitzer": 2,
      "unfallfrei": true,
      "scheckheftgepflegt": false,
      "garantie": true,
      "co2_g_km": 191,
      "verbrauch": "7.8 l/100 km",
      "ausstattung": [
        "Allrad",
        "ESP",
        "Freisprecheinrichtung",
        "Head-Up Display",
        "Keyless Go",
        "Notbremsassistent",
        "Panoramadach",
        "Parksensoren",
        "Rückfahrkamera",
        "Tempomat",
        "Xenon"
      ],
      "beschreibung": "Skoda Octavia Combi 2.0 TDI in gepflegtem Zustand. Unfallfrei.",
      "finanzierung_moeglich": true,
      "inzahlungnahme": true,
      "standort": "Bad Lippspringe",
      "plz": "33175",
      "land": "DE"
    }
  },
  {
    "id": "skoda-14",
    "titel": "Skoda Fabia 1.0",
    "hersteller": "Skoda",
    "kraftstoff": "Diesel",
    "getriebe": "Automatik",
    "preis": 26140,
    "km": 183000,
    "ez": "08/2018",
    "status": "verfügbar",
    "bilder": [
      "data:image/svg+xml;utf8,%3Csvg%20xmlns%3D%27http%3A//www.w3.org/2000/svg%27%20width%3D%271200%27%20height%3D%27750%27%3E%0A%20%20%20%20%3Cdefs%3E%3ClinearGradient%20id%3D%27g%27%20x1%3D%270%27%20x2%3D%271%27%20y1%3D%270%27%20y2%3D%271%27%3E%0A%20%20%20%20%20%20%3Cstop%20offset%3D%270%27%20stop-color%3D%27%23111318%27%20stop-opacity%3D%270.85%27/%3E%0A%20%20%20%20%20%20%3Cstop%20offset%3D%271%27%20stop-color%3D%27%23b11212%27%20stop-opacity%3D%270.75%27/%3E%0A%20%20%20%20%3C/linearGradient%3E%3C/defs%3E%0A%20%20%20%20%3Crect%20width%3D%271200%27%20height%3D%27750%27%20fill%3D%27url%28%23g%29%27/%3E%0A%20%20%20%20%3Ctext%20x%3D%2760%27%20y%3D%27140%27%20font-family%3D%27Arial%27%20font-size%3D%2764%27%20fill%3D%27white%27%20font-weight%3D%27700%27%3ESkoda%20Fabia%201.0%3C/text%3E%0A%20%20%20%20%3Ctext%20x%3D%2760%27%20y%3D%27220%27%20font-family%3D%27Arial%27%20font-size%3D%2728%27%20fill%3D%27white%27%20opacity%3D%270.9%27%3EBeispielbild%3C/text%3E%0A%20%20%20%20%3C/svg%3E",
      "data:image/svg+xml;utf8,%3Csvg%20xmlns%3D%27http%3A//www.w3.org/2000/svg%27%20width%3D%271200%27%20height%3D%27750%27%3E%0A%20%20%20%20%3Cdefs%3E%3ClinearGradient%20id%3D%27g%27%20x1%3D%270%27%20x2%3D%271%27%20y1%3D%270%27%20y2%3D%271%27%3E%0A%20%20%20%20%20%20%3Cstop%20offset%3D%270%27%20stop-color%3D%27%23111318%27%20stop-opacity%3D%270.85%27/%3E%0A%20%20%20%20%20%20%3Cstop%20offset%3D%271%27%20stop-color%3D%27%23b11212%27%20stop-opacity%3D%270.75%27/%3E%0A%20%20%20%20%3C/linearGradient%3E%3C/defs%3E%0A%20%20%20%20%3Crect%20width%3D%271200%27%20height%3D%27750%27%20fill%3D%27url%28%23g%29%27/%3E%0A%20%20%20%20%3Ctext%20x%3D%2760%27%20y%3D%27140%27%20font-family%3D%27Arial%27%20font-size%3D%2764%27%20fill%3D%27white%27%20font-weight%3D%27700%27%3ESkoda%20Fabia%201.0%20%E2%80%93%20Innen%3C/text%3E%0A%20%20%20%20%3Ctext%20x%3D%2760%27%20y%3D%27220%27%20font-family%3D%27Arial%27%20font-size%3D%2728%27%20fill%3D%27white%27%20opacity%3D%270.9%27%3EBeispielbild%3C/text%3E%0A%20%20%20%20%3C/svg%3E"
    ],
    "details": {
      "fahrzeugart": "Gebrauchtwagen",
      "karosserie": "Limousine",
      "leistung_ps": 280,
      "leistung_kw": 206,
      "hubraum_ccm": 1600,
      "antrieb": "Frontantrieb",
      "farbe": "Blau",
      "innenfarbe": "Grau",
      "tueren": 3,
      "sitze": 5,
      "hu": "01/2026",
      "schadstoffklasse": "Euro 6d-TEMP",
      "umweltplakette": "3 (Gelb)",
      "vorbesitzer": 1,
      "unfallfrei": true,
      "scheckheftgepflegt": false,
      "garantie": true,
      "co2_g_km": 189,
      "verbrauch": "6.8 l/100 km",
      "ausstattung": [
        "ABS",
        "Alufelgen",
        "DAB-Radio",
        "ESP",
        "Freisprecheinrichtung",
        "Head-Up Display",
        "Klimaautomatik",
        "Notbremsassistent",
        "Parksensoren",
        "Rückfahrkamera",
        "Sitzheizung",
        "Tempomat",
        "Xenon"
      ],
      "beschreibung": "Skoda Fabia 1.0 in gepflegtem Zustand. Kleine Gebrauchsspuren vorhanden.",
      "finanzierung_moeglich": true,
      "inzahlungnahme": true,
      "standort": "Bad Lippspringe",
      "plz": "33175",
      "land": "DE"
    }
  },
  {
    "id": "seat-15",
    "titel": "SEAT Leon 1.5 TSI",
    "hersteller": "SEAT",
    "kraftstoff": "LPG",
    "getriebe": "Schaltgetriebe",
    "preis": 16560,
    "km": 120000,
    "ez": "06/2023",
    "status": "verfügbar",
    "bilder": [
      "data:image/svg+xml;utf8,%3Csvg%20xmlns%3D%27http%3A//www.w3.org/2000/svg%27%20width%3D%271200%27%20height%3D%27750%27%3E%0A%20%20%20%20%3Cdefs%3E%3ClinearGradient%20id%3D%27g%27%20x1%3D%270%27%20x2%3D%271%27%20y1%3D%270%27%20y2%3D%271%27%3E%0A%20%20%20%20%20%20%3Cstop%20offset%3D%270%27%20stop-color%3D%27%23111318%27%20stop-opacity%3D%270.85%27/%3E%0A%20%20%20%20%20%20%3Cstop%20offset%3D%271%27%20stop-color%3D%27%23b11212%27%20stop-opacity%3D%270.75%27/%3E%0A%20%20%20%20%3C/linearGradient%3E%3C/defs%3E%0A%20%20%20%20%3Crect%20width%3D%271200%27%20height%3D%27750%27%20fill%3D%27url%28%23g%29%27/%3E%0A%20%20%20%20%3Ctext%20x%3D%2760%27%20y%3D%27140%27%20font-family%3D%27Arial%27%20font-size%3D%2764%27%20fill%3D%27white%27%20font-weight%3D%27700%27%3ESEAT%20Leon%201.5%20TSI%3C/text%3E%0A%20%20%20%20%3Ctext%20x%3D%2760%27%20y%3D%27220%27%20font-family%3D%27Arial%27%20font-size%3D%2728%27%20fill%3D%27white%27%20opacity%3D%270.9%27%3EBeispielbild%3C/text%3E%0A%20%20%20%20%3C/svg%3E",
      "data:image/svg+xml;utf8,%3Csvg%20xmlns%3D%27http%3A//www.w3.org/2000/svg%27%20width%3D%271200%27%20height%3D%27750%27%3E%0A%20%20%20%20%3Cdefs%3E%3ClinearGradient%20id%3D%27g%27%20x1%3D%270%27%20x2%3D%271%27%20y1%3D%270%27%20y2%3D%271%27%3E%0A%20%20%20%20%20%20%3Cstop%20offset%3D%270%27%20stop-color%3D%27%23111318%27%20stop-opacity%3D%270.85%27/%3E%0A%20%20%20%20%20%20%3Cstop%20offset%3D%271%27%20stop-color%3D%27%23b11212%27%20stop-opacity%3D%270.75%27/%3E%0A%20%20%20%20%3C/linearGradient%3E%3C/defs%3E%0A%20%20%20%20%3Crect%20width%3D%271200%27%20height%3D%27750%27%20fill%3D%27url%28%23g%29%27/%3E%0A%20%20%20%20%3Ctext%20x%3D%2760%27%20y%3D%27140%27%20font-family%3D%27Arial%27%20font-size%3D%2764%27%20fill%3D%27white%27%20font-weight%3D%27700%27%3ESEAT%20Leon%201.5%20TSI%20%E2%80%93%20Innen%3C/text%3E%0A%20%20%20%20%3Ctext%20x%3D%2760%27%20y%3D%27220%27%20font-family%3D%27Arial%27%20font-size%3D%2728%27%20fill%3D%27white%27%20opacity%3D%270.9%27%3EBeispielbild%3C/text%3E%0A%20%20%20%20%3C/svg%3E"
    ],
    "details": {
      "fahrzeugart": "Gebrauchtwagen",
      "karosserie": "Kleinwagen",
      "leistung_ps": 135,
      "leistung_kw": 99,
      "hubraum_ccm": 2800,
      "antrieb": "Heckantrieb",
      "farbe": "Braun",
      "innenfarbe": "Grau",
      "tueren": 3,
      "sitze": 5,
      "hu": "01/2028",
      "schadstoffklasse": "Euro 5",
      "umweltplakette": "3 (Gelb)",
      "vorbesitzer": 3,
      "unfallfrei": true,
      "scheckheftgepflegt": true,
      "garantie": true,
      "co2_g_km": 204,
      "verbrauch": "6.1 l/100 km",
      "ausstattung": [
        "Allrad",
        "Anhängerkupplung",
        "Apple CarPlay",
        "Freisprecheinrichtung",
        "Keyless Go",
        "Klimaautomatik",
        "LED-Scheinwerfer",
        "Navigationssystem",
        "Parksensoren",
        "Rückfahrkamera",
        "Spurhalteassistent",
        "Tempomat"
      ],
      "beschreibung": "SEAT Leon 1.5 TSI in gepflegtem Zustand. Unfallfrei.",
      "finanzierung_moeglich": true,
      "inzahlungnahme": true,
      "standort": "Bad Lippspringe",
      "plz": "33175",
      "land": "DE"
    }
  },
  {
    "id": "hyundai-16",
    "titel": "Hyundai i30 1.6 CRDi",
    "hersteller": "Hyundai",
    "kraftstoff": "LPG",
    "getriebe": "Schaltgetriebe",
    "preis": 14430,
    "km": 72000,
    "ez": "09/2021",
    "status": "reserviert",
    "bilder": [
      "data:image/svg+xml;utf8,%3Csvg%20xmlns%3D%27http%3A//www.w3.org/2000/svg%27%20width%3D%271200%27%20height%3D%27750%27%3E%0A%20%20%20%20%3Cdefs%3E%3ClinearGradient%20id%3D%27g%27%20x1%3D%270%27%20x2%3D%271%27%20y1%3D%270%27%20y2%3D%271%27%3E%0A%20%20%20%20%20%20%3Cstop%20offset%3D%270%27%20stop-color%3D%27%23111318%27%20stop-opacity%3D%270.85%27/%3E%0A%20%20%20%20%20%20%3Cstop%20offset%3D%271%27%20stop-color%3D%27%23b11212%27%20stop-opacity%3D%270.75%27/%3E%0A%20%20%20%20%3C/linearGradient%3E%3C/defs%3E%0A%20%20%20%20%3Crect%20width%3D%271200%27%20height%3D%27750%27%20fill%3D%27url%28%23g%29%27/%3E%0A%20%20%20%20%3Ctext%20x%3D%2760%27%20y%3D%27140%27%20font-family%3D%27Arial%27%20font-size%3D%2764%27%20fill%3D%27white%27%20font-weight%3D%27700%27%3EHyundai%20i30%201.6%20CRDi%3C/text%3E%0A%20%20%20%20%3Ctext%20x%3D%2760%27%20y%3D%27220%27%20font-family%3D%27Arial%27%20font-size%3D%2728%27%20fill%3D%27white%27%20opacity%3D%270.9%27%3EBeispielbild%3C/text%3E%0A%20%20%20%20%3C/svg%3E",
      "data:image/svg+xml;utf8,%3Csvg%20xmlns%3D%27http%3A//www.w3.org/2000/svg%27%20width%3D%271200%27%20height%3D%27750%27%3E%0A%20%20%20%20%3Cdefs%3E%3ClinearGradient%20id%3D%27g%27%20x1%3D%270%27%20x2%3D%271%27%20y1%3D%270%27%20y2%3D%271%27%3E%0A%20%20%20%20%20%20%3Cstop%20offset%3D%270%27%20stop-color%3D%27%23111318%27%20stop-opacity%3D%270.85%27/%3E%0A%20%20%20%20%20%20%3Cstop%20offset%3D%271%27%20stop-color%3D%27%23b11212%27%20stop-opacity%3D%270.75%27/%3E%0A%20%20%20%20%3C/linearGradient%3E%3C/defs%3E%0A%20%20%20%20%3Crect%20width%3D%271200%27%20height%3D%27750%27%20fill%3D%27url%28%23g%29%27/%3E%0A%20%20%20%20%3Ctext%20x%3D%2760%27%20y%3D%27140%27%20font-family%3D%27Arial%27%20font-size%3D%2764%27%20fill%3D%27white%27%20font-weight%3D%27700%27%3EHyundai%20i30%201.6%20CRDi%20%E2%80%93%20Innen%3C/text%3E%0A%20%20%20%20%3Ctext%20x%3D%2760%27%20y%3D%27220%27%20font-family%3D%27Arial%27%20font-size%3D%2728%27%20fill%3D%27white%27%20opacity%3D%270.9%27%3EBeispielbild%3C/text%3E%0A%20%20%20%20%3C/svg%3E"
    ],
    "details": {
      "fahrzeugart": "Gebrauchtwagen",
      "karosserie": "Kombi",
      "leistung_ps": 215,
      "leistung_kw": 158,
      "hubraum_ccm": 1150,
      "antrieb": "Allrad",
      "farbe": "Blau",
      "innenfarbe": "Beige",
      "tueren": 5,
      "sitze": 7,
      "hu": "06/2028",
      "schadstoffklasse": "Euro 6",
      "umweltplakette": "4 (Grün)",
      "vorbesitzer": 3,
      "unfallfrei": true,
      "scheckheftgepflegt": true,
      "garantie": true,
      "co2_g_km": 113,
      "verbrauch": "8.3 l/100 km",
      "ausstattung": [
        "ABS",
        "Apple CarPlay",
        "ESP",
        "Keyless Go",
        "Klimaautomatik",
        "LED-Scheinwerfer",
        "Panoramadach",
        "Parksensoren",
        "Rückfahrkamera",
        "Spurhalteassistent",
        "Xenon"
      ],
      "beschreibung": "Hyundai i30 1.6 CRDi in gepflegtem Zustand. Unfallfrei.",
      "finanzierung_moeglich": true,
      "inzahlungnahme": true,
      "standort": "Bad Lippspringe",
      "plz": "33175",
      "land": "DE"
    }
  },
  {
    "id": "kia-17",
    "titel": "Kia Sportage 1.6 GDI",
    "hersteller": "Kia",
    "kraftstoff": "LPG",
    "getriebe": "Automatik",
    "preis": 26000,
    "km": 27000,
    "ez": "03/2014",
    "status": "verfügbar",
    "bilder": [
      "data:image/svg+xml;utf8,%3Csvg%20xmlns%3D%27http%3A//www.w3.org/2000/svg%27%20width%3D%271200%27%20height%3D%27750%27%3E%0A%20%20%20%20%3Cdefs%3E%3ClinearGradient%20id%3D%27g%27%20x1%3D%270%27%20x2%3D%271%27%20y1%3D%270%27%20y2%3D%271%27%3E%0A%20%20%20%20%20%20%3Cstop%20offset%3D%270%27%20stop-color%3D%27%23111318%27%20stop-opacity%3D%270.85%27/%3E%0A%20%20%20%20%20%20%3Cstop%20offset%3D%271%27%20stop-color%3D%27%23b11212%27%20stop-opacity%3D%270.75%27/%3E%0A%20%20%20%20%3C/linearGradient%3E%3C/defs%3E%0A%20%20%20%20%3Crect%20width%3D%271200%27%20height%3D%27750%27%20fill%3D%27url%28%23g%29%27/%3E%0A%20%20%20%20%3Ctext%20x%3D%2760%27%20y%3D%27140%27%20font-family%3D%27Arial%27%20font-size%3D%2764%27%20fill%3D%27white%27%20font-weight%3D%27700%27%3EKia%20Sportage%201.6%20GDI%3C/text%3E%0A%20%20%20%20%3Ctext%20x%3D%2760%27%20y%3D%27220%27%20font-family%3D%27Arial%27%20font-size%3D%2728%27%20fill%3D%27white%27%20opacity%3D%270.9%27%3EBeispielbild%3C/text%3E%0A%20%20%20%20%3C/svg%3E",
      "data:image/svg+xml;utf8,%3Csvg%20xmlns%3D%27http%3A//www.w3.org/2000/svg%27%20width%3D%271200%27%20height%3D%27750%27%3E%0A%20%20%20%20%3Cdefs%3E%3ClinearGradient%20id%3D%27g%27%20x1%3D%270%27%20x2%3D%271%27%20y1%3D%270%27%20y2%3D%271%27%3E%0A%20%20%20%20%20%20%3Cstop%20offset%3D%270%27%20stop-color%3D%27%23111318%27%20stop-opacity%3D%270.85%27/%3E%0A%20%20%20%20%20%20%3Cstop%20offset%3D%271%27%20stop-color%3D%27%23b11212%27%20stop-opacity%3D%270.75%27/%3E%0A%20%20%20%20%3C/linearGradient%3E%3C/defs%3E%0A%20%20%20%20%3Crect%20width%3D%271200%27%20height%3D%27750%27%20fill%3D%27url%28%23g%29%27/%3E%0A%20%20%20%20%3Ctext%20x%3D%2760%27%20y%3D%27140%27%20font-family%3D%27Arial%27%20font-size%3D%2764%27%20fill%3D%27white%27%20font-weight%3D%27700%27%3EKia%20Sportage%201.6%20GDI%20%E2%80%93%20Innen%3C/text%3E%0A%20%20%20%20%3Ctext%20x%3D%2760%27%20y%3D%27220%27%20font-family%3D%27Arial%27%20font-size%3D%2728%27%20fill%3D%27white%27%20opacity%3D%270.9%27%3EBeispielbild%3C/text%3E%0A%20%20%20%20%3C/svg%3E"
    ],
    "details": {
      "fahrzeugart": "Gebrauchtwagen",
      "karosserie": "Limousine",
      "leistung_ps": 335,
      "leistung_kw": 246,
      "hubraum_ccm": 1600,
      "antrieb": "Heckantrieb",
      "farbe": "Silber",
      "innenfarbe": "Grau",
      "tueren": 5,
      "sitze": 5,
      "hu": "06/2026",
      "schadstoffklasse": "Euro 6d-TEMP",
      "umweltplakette": "3 (Gelb)",
      "vorbesitzer": 1,
      "unfallfrei": true,
      "scheckheftgepflegt": true,
      "garantie": true,
      "co2_g_km": 109,
      "verbrauch": "4.6 l/100 km",
      "ausstattung": [
        "Bluetooth",
        "ESP",
        "Head-Up Display",
        "Klimaanlage",
        "Parksensoren",
        "Sitzheizung",
        "Tempomat",
        "Xenon"
      ],
      "beschreibung": "Kia Sportage 1.6 GDI in gepflegtem Zustand. Unfallfrei.",
      "finanzierung_moeglich": true,
      "inzahlungnahme": true,
      "standort": "Bad Lippspringe",
      "plz": "33175",
      "land": "DE"
    }
  },
  {
    "id": "peugeot-18",
    "titel": "Peugeot 3008 BlueHDi",
    "hersteller": "Peugeot",
    "kraftstoff": "Diesel",
    "getriebe": "Automatik",
    "preis": 24470,
    "km": 146000,
    "ez": "03/2016",
    "status": "verkauft",
    "bilder": [
      "data:image/svg+xml;utf8,%3Csvg%20xmlns%3D%27http%3A//www.w3.org/2000/svg%27%20width%3D%271200%27%20height%3D%27750%27%3E%0A%20%20%20%20%3Cdefs%3E%3ClinearGradient%20id%3D%27g%27%20x1%3D%270%27%20x2%3D%271%27%20y1%3D%270%27%20y2%3D%271%27%3E%0A%20%20%20%20%20%20%3Cstop%20offset%3D%270%27%20stop-color%3D%27%23111318%27%20stop-opacity%3D%270.85%27/%3E%0A%20%20%20%20%20%20%3Cstop%20offset%3D%271%27%20stop-color%3D%27%23b11212%27%20stop-opacity%3D%270.75%27/%3E%0A%20%20%20%20%3C/linearGradient%3E%3C/defs%3E%0A%20%20%20%20%3Crect%20width%3D%271200%27%20height%3D%27750%27%20fill%3D%27url%28%23g%29%27/%3E%0A%20%20%20%20%3Ctext%20x%3D%2760%27%20y%3D%27140%27%20font-family%3D%27Arial%27%20font-size%3D%2764%27%20fill%3D%27white%27%20font-weight%3D%27700%27%3EPeugeot%203008%20BlueHDi%3C/text%3E%0A%20%20%20%20%3Ctext%20x%3D%2760%27%20y%3D%27220%27%20font-family%3D%27Arial%27%20font-size%3D%2728%27%20fill%3D%27white%27%20opacity%3D%270.9%27%3EBeispielbild%3C/text%3E%0A%20%20%20%20%3C/svg%3E",
      "data:image/svg+xml;utf8,%3Csvg%20xmlns%3D%27http%3A//www.w3.org/2000/svg%27%20width%3D%271200%27%20height%3D%27750%27%3E%0A%20%20%20%20%3Cdefs%3E%3ClinearGradient%20id%3D%27g%27%20x1%3D%270%27%20x2%3D%271%27%20y1%3D%270%27%20y2%3D%271%27%3E%0A%20%20%20%20%20%20%3Cstop%20offset%3D%270%27%20stop-color%3D%27%23111318%27%20stop-opacity%3D%270.85%27/%3E%0A%20%20%20%20%20%20%3Cstop%20offset%3D%271%27%20stop-color%3D%27%23b11212%27%20stop-opacity%3D%270.75%27/%3E%0A%20%20%20%20%3C/linearGradient%3E%3C/defs%3E%0A%20%20%20%20%3Crect%20width%3D%271200%27%20height%3D%27750%27%20fill%3D%27url%28%23g%29%27/%3E%0A%20%20%20%20%3Ctext%20x%3D%2760%27%20y%3D%27140%27%20font-family%3D%27Arial%27%20font-size%3D%2764%27%20fill%3D%27white%27%20font-weight%3D%27700%27%3EPeugeot%203008%20BlueHDi%20%E2%80%93%20Innen%3C/text%3E%0A%20%20%20%20%3Ctext%20x%3D%2760%27%20y%3D%27220%27%20font-family%3D%27Arial%27%20font-size%3D%2728%27%20fill%3D%27white%27%20opacity%3D%270.9%27%3EBeispielbild%3C/text%3E%0A%20%20%20%20%3C/svg%3E"
    ],
    "details": {
      "fahrzeugart": "Gebrauchtwagen",
      "karosserie": "SUV",
      "leistung_ps": 100,
      "leistung_kw": 74,
      "hubraum_ccm": 1250,
      "antrieb": "Frontantrieb",
      "farbe": "Grau",
      "innenfarbe": "Grau",
      "tueren": 3,
      "sitze": 7,
      "hu": "06/2028",
      "schadstoffklasse": "Euro 6",
      "umweltplakette": "3 (Gelb)",
      "vorbesitzer": 1,
      "unfallfrei": true,
      "scheckheftgepflegt": true,
      "garantie": false,
      "co2_g_km": 170,
      "verbrauch": "6.5 l/100 km",
      "ausstattung": [
        "ABS",
        "Allrad",
        "Alufelgen",
        "Android Auto",
        "Apple CarPlay",
        "Freisprecheinrichtung",
        "Head-Up Display",
        "Klimaanlage",
        "Notbremsassistent",
        "Panoramadach",
        "Rückfahrkamera",
        "Sitzheizung",
        "Xenon"
      ],
      "beschreibung": "Peugeot 3008 BlueHDi in gepflegtem Zustand. Kleine Gebrauchsspuren vorhanden.",
      "finanzierung_moeglich": true,
      "inzahlungnahme": true,
      "standort": "Bad Lippspringe",
      "plz": "33175",
      "land": "DE"
    }
  },
  {
    "id": "renault-19",
    "titel": "Renault Megane TCe",
    "hersteller": "Renault",
    "kraftstoff": "Benzin",
    "getriebe": "Automatik",
    "preis": 14730,
    "km": 114000,
    "ez": "09/2015",
    "status": "reserviert",
    "bilder": [
      "data:image/svg+xml;utf8,%3Csvg%20xmlns%3D%27http%3A//www.w3.org/2000/svg%27%20width%3D%271200%27%20height%3D%27750%27%3E%0A%20%20%20%20%3Cdefs%3E%3ClinearGradient%20id%3D%27g%27%20x1%3D%270%27%20x2%3D%271%27%20y1%3D%270%27%20y2%3D%271%27%3E%0A%20%20%20%20%20%20%3Cstop%20offset%3D%270%27%20stop-color%3D%27%23111318%27%20stop-opacity%3D%270.85%27/%3E%0A%20%20%20%20%20%20%3Cstop%20offset%3D%271%27%20stop-color%3D%27%23b11212%27%20stop-opacity%3D%270.75%27/%3E%0A%20%20%20%20%3C/linearGradient%3E%3C/defs%3E%0A%20%20%20%20%3Crect%20width%3D%271200%27%20height%3D%27750%27%20fill%3D%27url%28%23g%29%27/%3E%0A%20%20%20%20%3Ctext%20x%3D%2760%27%20y%3D%27140%27%20font-family%3D%27Arial%27%20font-size%3D%2764%27%20fill%3D%27white%27%20font-weight%3D%27700%27%3ERenault%20Megane%20TCe%3C/text%3E%0A%20%20%20%20%3Ctext%20x%3D%2760%27%20y%3D%27220%27%20font-family%3D%27Arial%27%20font-size%3D%2728%27%20fill%3D%27white%27%20opacity%3D%270.9%27%3EBeispielbild%3C/text%3E%0A%20%20%20%20%3C/svg%3E",
      "data:image/svg+xml;utf8,%3Csvg%20xmlns%3D%27http%3A//www.w3.org/2000/svg%27%20width%3D%271200%27%20height%3D%27750%27%3E%0A%20%20%20%20%3Cdefs%3E%3ClinearGradient%20id%3D%27g%27%20x1%3D%270%27%20x2%3D%271%27%20y1%3D%270%27%20y2%3D%271%27%3E%0A%20%20%20%20%20%20%3Cstop%20offset%3D%270%27%20stop-color%3D%27%23111318%27%20stop-opacity%3D%270.85%27/%3E%0A%20%20%20%20%20%20%3Cstop%20offset%3D%271%27%20stop-color%3D%27%23b11212%27%20stop-opacity%3D%270.75%27/%3E%0A%20%20%20%20%3C/linearGradient%3E%3C/defs%3E%0A%20%20%20%20%3Crect%20width%3D%271200%27%20height%3D%27750%27%20fill%3D%27url%28%23g%29%27/%3E%0A%20%20%20%20%3Ctext%20x%3D%2760%27%20y%3D%27140%27%20font-family%3D%27Arial%27%20font-size%3D%2764%27%20fill%3D%27white%27%20font-weight%3D%27700%27%3ERenault%20Megane%20TCe%20%E2%80%93%20Innen%3C/text%3E%0A%20%20%20%20%3Ctext%20x%3D%2760%27%20y%3D%27220%27%20font-family%3D%27Arial%27%20font-size%3D%2728%27%20fill%3D%27white%27%20opacity%3D%270.9%27%3EBeispielbild%3C/text%3E%0A%20%20%20%20%3C/svg%3E"
    ],
    "details": {
      "fahrzeugart": "Gebrauchtwagen",
      "karosserie": "Kleinwagen",
      "leistung_ps": 280,
      "leistung_kw": 206,
      "hubraum_ccm": 2200,
      "antrieb": "Frontantrieb",
      "farbe": "Braun",
      "innenfarbe": "Grau",
      "tueren": 5,
      "sitze": 4,
      "hu": "01/2027",
      "schadstoffklasse": "Euro 6d-TEMP",
      "umweltplakette": "4 (Grün)",
      "vorbesitzer": 1,
      "unfallfrei": false,
      "scheckheftgepflegt": true,
      "garantie": false,
      "co2_g_km": 129,
      "verbrauch": "8.7 l/100 km",
      "ausstattung": [
        "ABS",
        "Anhängerkupplung",
        "Bluetooth",
        "ESP",
        "Head-Up Display",
        "Klimaanlage",
        "LED-Scheinwerfer",
        "Notbremsassistent",
        "Panoramadach",
        "Parksensoren",
        "Rückfahrkamera",
        "Sitzheizung",
        "Tempomat",
        "Xenon"
      ],
      "beschreibung": "Renault Megane TCe in gepflegtem Zustand. Unfallfrei.",
      "finanzierung_moeglich": true,
      "inzahlungnahme": true,
      "standort": "Bad Lippspringe",
      "plz": "33175",
      "land": "DE"
    }
  },
  {
    "id": "toyota-20",
    "titel": "Toyota Corolla Hybrid",
    "hersteller": "Toyota",
    "kraftstoff": "LPG",
    "getriebe": "Automatik",
    "preis": 7240,
    "km": 174000,
    "ez": "06/2023",
    "status": "verkauft",
    "bilder": [
      "data:image/svg+xml;utf8,%3Csvg%20xmlns%3D%27http%3A//www.w3.org/2000/svg%27%20width%3D%271200%27%20height%3D%27750%27%3E%0A%20%20%20%20%3Cdefs%3E%3ClinearGradient%20id%3D%27g%27%20x1%3D%270%27%20x2%3D%271%27%20y1%3D%270%27%20y2%3D%271%27%3E%0A%20%20%20%20%20%20%3Cstop%20offset%3D%270%27%20stop-color%3D%27%23111318%27%20stop-opacity%3D%270.85%27/%3E%0A%20%20%20%20%20%20%3Cstop%20offset%3D%271%27%20stop-color%3D%27%23b11212%27%20stop-opacity%3D%270.75%27/%3E%0A%20%20%20%20%3C/linearGradient%3E%3C/defs%3E%0A%20%20%20%20%3Crect%20width%3D%271200%27%20height%3D%27750%27%20fill%3D%27url%28%23g%29%27/%3E%0A%20%20%20%20%3Ctext%20x%3D%2760%27%20y%3D%27140%27%20font-family%3D%27Arial%27%20font-size%3D%2764%27%20fill%3D%27white%27%20font-weight%3D%27700%27%3EToyota%20Corolla%20Hybrid%3C/text%3E%0A%20%20%20%20%3Ctext%20x%3D%2760%27%20y%3D%27220%27%20font-family%3D%27Arial%27%20font-size%3D%2728%27%20fill%3D%27white%27%20opacity%3D%270.9%27%3EBeispielbild%3C/text%3E%0A%20%20%20%20%3C/svg%3E",
      "data:image/svg+xml;utf8,%3Csvg%20xmlns%3D%27http%3A//www.w3.org/2000/svg%27%20width%3D%271200%27%20height%3D%27750%27%3E%0A%20%20%20%20%3Cdefs%3E%3ClinearGradient%20id%3D%27g%27%20x1%3D%270%27%20x2%3D%271%27%20y1%3D%270%27%20y2%3D%271%27%3E%0A%20%20%20%20%20%20%3Cstop%20offset%3D%270%27%20stop-color%3D%27%23111318%27%20stop-opacity%3D%270.85%27/%3E%0A%20%20%20%20%20%20%3Cstop%20offset%3D%271%27%20stop-color%3D%27%23b11212%27%20stop-opacity%3D%270.75%27/%3E%0A%20%20%20%20%3C/linearGradient%3E%3C/defs%3E%0A%20%20%20%20%3Crect%20width%3D%271200%27%20height%3D%27750%27%20fill%3D%27url%28%23g%29%27/%3E%0A%20%20%20%20%3Ctext%20x%3D%2760%27%20y%3D%27140%27%20font-family%3D%27Arial%27%20font-size%3D%2764%27%20fill%3D%27white%27%20font-weight%3D%27700%27%3EToyota%20Corolla%20Hybrid%20%E2%80%93%20Innen%3C/text%3E%0A%20%20%20%20%3Ctext%20x%3D%2760%27%20y%3D%27220%27%20font-family%3D%27Arial%27%20font-size%3D%2728%27%20fill%3D%27white%27%20opacity%3D%270.9%27%3EBeispielbild%3C/text%3E%0A%20%20%20%20%3C/svg%3E"
    ],
    "details": {
      "fahrzeugart": "Gebrauchtwagen",
      "karosserie": "Van",
      "leistung_ps": 150,
      "leistung_kw": 110,
      "hubraum_ccm": 1550,
      "antrieb": "Frontantrieb",
      "farbe": "Blau",
      "innenfarbe": "Grau",
      "tueren": 3,
      "sitze": 5,
      "hu": "09/2026",
      "schadstoffklasse": "Euro 6d-TEMP",
      "umweltplakette": "4 (Grün)",
      "vorbesitzer": 3,
      "unfallfrei": true,
      "scheckheftgepflegt": true,
      "garantie": false,
      "co2_g_km": 142,
      "verbrauch": "6.1 l/100 km",
      "ausstattung": [
        "ABS",
        "Allrad",
        "Alufelgen",
        "Android Auto",
        "ESP",
        "Freisprecheinrichtung",
        "Head-Up Display",
        "Keyless Go",
        "Klimaanlage",
        "Navigationssystem",
        "Panoramadach",
        "Spurhalteassistent",
        "Tempomat",
        "Xenon"
      ],
      "beschreibung": "Toyota Corolla Hybrid in gepflegtem Zustand. Kleine Gebrauchsspuren vorhanden.",
      "finanzierung_moeglich": true,
      "inzahlungnahme": true,
      "standort": "Bad Lippspringe",
      "plz": "33175",
      "land": "DE"
    }
  },
  {
    "id": "toyota-21",
    "titel": "Toyota RAV4 Hybrid",
    "hersteller": "Toyota",
    "kraftstoff": "LPG",
    "getriebe": "Automatik",
    "preis": 42620,
    "km": 107000,
    "ez": "03/2021",
    "status": "verfügbar",
    "bilder": [
      "data:image/svg+xml;utf8,%3Csvg%20xmlns%3D%27http%3A//www.w3.org/2000/svg%27%20width%3D%271200%27%20height%3D%27750%27%3E%0A%20%20%20%20%3Cdefs%3E%3ClinearGradient%20id%3D%27g%27%20x1%3D%270%27%20x2%3D%271%27%20y1%3D%270%27%20y2%3D%271%27%3E%0A%20%20%20%20%20%20%3Cstop%20offset%3D%270%27%20stop-color%3D%27%23111318%27%20stop-opacity%3D%270.85%27/%3E%0A%20%20%20%20%20%20%3Cstop%20offset%3D%271%27%20stop-color%3D%27%23b11212%27%20stop-opacity%3D%270.75%27/%3E%0A%20%20%20%20%3C/linearGradient%3E%3C/defs%3E%0A%20%20%20%20%3Crect%20width%3D%271200%27%20height%3D%27750%27%20fill%3D%27url%28%23g%29%27/%3E%0A%20%20%20%20%3Ctext%20x%3D%2760%27%20y%3D%27140%27%20font-family%3D%27Arial%27%20font-size%3D%2764%27%20fill%3D%27white%27%20font-weight%3D%27700%27%3EToyota%20RAV4%20Hybrid%3C/text%3E%0A%20%20%20%20%3Ctext%20x%3D%2760%27%20y%3D%27220%27%20font-family%3D%27Arial%27%20font-size%3D%2728%27%20fill%3D%27white%27%20opacity%3D%270.9%27%3EBeispielbild%3C/text%3E%0A%20%20%20%20%3C/svg%3E",
      "data:image/svg+xml;utf8,%3Csvg%20xmlns%3D%27http%3A//www.w3.org/2000/svg%27%20width%3D%271200%27%20height%3D%27750%27%3E%0A%20%20%20%20%3Cdefs%3E%3ClinearGradient%20id%3D%27g%27%20x1%3D%270%27%20x2%3D%271%27%20y1%3D%270%27%20y2%3D%271%27%3E%0A%20%20%20%20%20%20%3Cstop%20offset%3D%270%27%20stop-color%3D%27%23111318%27%20stop-opacity%3D%270.85%27/%3E%0A%20%20%20%20%20%20%3Cstop%20offset%3D%271%27%20stop-color%3D%27%23b11212%27%20stop-opacity%3D%270.75%27/%3E%0A%20%20%20%20%3C/linearGradient%3E%3C/defs%3E%0A%20%20%20%20%3Crect%20width%3D%271200%27%20height%3D%27750%27%20fill%3D%27url%28%23g%29%27/%3E%0A%20%20%20%20%3Ctext%20x%3D%2760%27%20y%3D%27140%27%20font-family%3D%27Arial%27%20font-size%3D%2764%27%20fill%3D%27white%27%20font-weight%3D%27700%27%3EToyota%20RAV4%20Hybrid%20%E2%80%93%20Innen%3C/text%3E%0A%20%20%20%20%3Ctext%20x%3D%2760%27%20y%3D%27220%27%20font-family%3D%27Arial%27%20font-size%3D%2728%27%20fill%3D%27white%27%20opacity%3D%270.9%27%3EBeispielbild%3C/text%3E%0A%20%20%20%20%3C/svg%3E"
    ],
    "details": {
      "fahrzeugart": "Gebrauchtwagen",
      "karosserie": "Kleinwagen",
      "leistung_ps": 335,
      "leistung_kw": 246,
      "hubraum_ccm": 2800,
      "antrieb": "Heckantrieb",
      "farbe": "Grau",
      "innenfarbe": "Schwarz",
      "tueren": 3,
      "sitze": 7,
      "hu": "06/2026",
      "schadstoffklasse": "Euro 6",
      "umweltplakette": "4 (Grün)",
      "vorbesitzer": 1,
      "unfallfrei": true,
      "scheckheftgepflegt": true,
      "garantie": true,
      "co2_g_km": 156,
      "verbrauch": "6.3 l/100 km",
      "ausstattung": [
        "ABS",
        "Alufelgen",
        "Anhängerkupplung",
        "ESP",
        "Keyless Go",
        "Klimaanlage",
        "Navigationssystem",
        "Notbremsassistent",
        "Panoramadach",
        "Sitzheizung"
      ],
      "beschreibung": "Toyota RAV4 Hybrid in gepflegtem Zustand. Unfallfrei.",
      "finanzierung_moeglich": true,
      "inzahlungnahme": true,
      "standort": "Bad Lippspringe",
      "plz": "33175",
      "land": "DE"
    }
  },
  {
    "id": "mazda-22",
    "titel": "Mazda CX-5 Skyactiv-D",
    "hersteller": "Mazda",
    "kraftstoff": "LPG",
    "getriebe": "Automatik",
    "preis": 25080,
    "km": 111000,
    "ez": "01/2014",
    "status": "verfügbar",
    "bilder": [
      "data:image/svg+xml;utf8,%3Csvg%20xmlns%3D%27http%3A//www.w3.org/2000/svg%27%20width%3D%271200%27%20height%3D%27750%27%3E%0A%20%20%20%20%3Cdefs%3E%3ClinearGradient%20id%3D%27g%27%20x1%3D%270%27%20x2%3D%271%27%20y1%3D%270%27%20y2%3D%271%27%3E%0A%20%20%20%20%20%20%3Cstop%20offset%3D%270%27%20stop-color%3D%27%23111318%27%20stop-opacity%3D%270.85%27/%3E%0A%20%20%20%20%20%20%3Cstop%20offset%3D%271%27%20stop-color%3D%27%23b11212%27%20stop-opacity%3D%270.75%27/%3E%0A%20%20%20%20%3C/linearGradient%3E%3C/defs%3E%0A%20%20%20%20%3Crect%20width%3D%271200%27%20height%3D%27750%27%20fill%3D%27url%28%23g%29%27/%3E%0A%20%20%20%20%3Ctext%20x%3D%2760%27%20y%3D%27140%27%20font-family%3D%27Arial%27%20font-size%3D%2764%27%20fill%3D%27white%27%20font-weight%3D%27700%27%3EMazda%20CX-5%20Skyactiv-D%3C/text%3E%0A%20%20%20%20%3Ctext%20x%3D%2760%27%20y%3D%27220%27%20font-family%3D%27Arial%27%20font-size%3D%2728%27%20fill%3D%27white%27%20opacity%3D%270.9%27%3EBeispielbild%3C/text%3E%0A%20%20%20%20%3C/svg%3E",
      "data:image/svg+xml;utf8,%3Csvg%20xmlns%3D%27http%3A//www.w3.org/2000/svg%27%20width%3D%271200%27%20height%3D%27750%27%3E%0A%20%20%20%20%3Cdefs%3E%3ClinearGradient%20id%3D%27g%27%20x1%3D%270%27%20x2%3D%271%27%20y1%3D%270%27%20y2%3D%271%27%3E%0A%20%20%20%20%20%20%3Cstop%20offset%3D%270%27%20stop-color%3D%27%23111318%27%20stop-opacity%3D%270.85%27/%3E%0A%20%20%20%20%20%20%3Cstop%20offset%3D%271%27%20stop-color%3D%27%23b11212%27%20stop-opacity%3D%270.75%27/%3E%0A%20%20%20%20%3C/linearGradient%3E%3C/defs%3E%0A%20%20%20%20%3Crect%20width%3D%271200%27%20height%3D%27750%27%20fill%3D%27url%28%23g%29%27/%3E%0A%20%20%20%20%3Ctext%20x%3D%2760%27%20y%3D%27140%27%20font-family%3D%27Arial%27%20font-size%3D%2764%27%20fill%3D%27white%27%20font-weight%3D%27700%27%3EMazda%20CX-5%20Skyactiv-D%20%E2%80%93%20Innen%3C/text%3E%0A%20%20%20%20%3Ctext%20x%3D%2760%27%20y%3D%27220%27%20font-family%3D%27Arial%27%20font-size%3D%2728%27%20fill%3D%27white%27%20opacity%3D%270.9%27%3EBeispielbild%3C/text%3E%0A%20%20%20%20%3C/svg%3E"
    ],
    "details": {
      "fahrzeugart": "Gebrauchtwagen",
      "karosserie": "Van",
      "leistung_ps": 260,
      "leistung_kw": 191,
      "hubraum_ccm": 1950,
      "antrieb": "Allrad",
      "farbe": "Grau",
      "innenfarbe": "Grau",
      "tueren": 3,
      "sitze": 4,
      "hu": "06/2028",
      "schadstoffklasse": "Euro 6d-TEMP",
      "umweltplakette": "3 (Gelb)",
      "vorbesitzer": 3,
      "unfallfrei": true,
      "scheckheftgepflegt": false,
      "garantie": true,
      "co2_g_km": 208,
      "verbrauch": "4.6 l/100 km",
      "ausstattung": [
        "Alufelgen",
        "Anhängerkupplung",
        "Apple CarPlay",
        "DAB-Radio",
        "Freisprecheinrichtung",
        "Head-Up Display",
        "Klimaanlage",
        "Navigationssystem",
        "Panoramadach",
        "Parksensoren",
        "Rückfahrkamera"
      ],
      "beschreibung": "Mazda CX-5 Skyactiv-D in gepflegtem Zustand. Kleine Gebrauchsspuren vorhanden.",
      "finanzierung_moeglich": true,
      "inzahlungnahme": true,
      "standort": "Bad Lippspringe",
      "plz": "33175",
      "land": "DE"
    }
  },
  {
    "id": "nissan-23",
    "titel": "Nissan Qashqai DIG-T",
    "hersteller": "Nissan",
    "kraftstoff": "LPG",
    "getriebe": "Automatik",
    "preis": 33880,
    "km": 82000,
    "ez": "09/2019",
    "status": "reserviert",
    "bilder": [
      "data:image/svg+xml;utf8,%3Csvg%20xmlns%3D%27http%3A//www.w3.org/2000/svg%27%20width%3D%271200%27%20height%3D%27750%27%3E%0A%20%20%20%20%3Cdefs%3E%3ClinearGradient%20id%3D%27g%27%20x1%3D%270%27%20x2%3D%271%27%20y1%3D%270%27%20y2%3D%271%27%3E%0A%20%20%20%20%20%20%3Cstop%20offset%3D%270%27%20stop-color%3D%27%23111318%27%20stop-opacity%3D%270.85%27/%3E%0A%20%20%20%20%20%20%3Cstop%20offset%3D%271%27%20stop-color%3D%27%23b11212%27%20stop-opacity%3D%270.75%27/%3E%0A%20%20%20%20%3C/linearGradient%3E%3C/defs%3E%0A%20%20%20%20%3Crect%20width%3D%271200%27%20height%3D%27750%27%20fill%3D%27url%28%23g%29%27/%3E%0A%20%20%20%20%3Ctext%20x%3D%2760%27%20y%3D%27140%27%20font-family%3D%27Arial%27%20font-size%3D%2764%27%20fill%3D%27white%27%20font-weight%3D%27700%27%3ENissan%20Qashqai%20DIG-T%3C/text%3E%0A%20%20%20%20%3Ctext%20x%3D%2760%27%20y%3D%27220%27%20font-family%3D%27Arial%27%20font-size%3D%2728%27%20fill%3D%27white%27%20opacity%3D%270.9%27%3EBeispielbild%3C/text%3E%0A%20%20%20%20%3C/svg%3E",
      "data:image/svg+xml;utf8,%3Csvg%20xmlns%3D%27http%3A//www.w3.org/2000/svg%27%20width%3D%271200%27%20height%3D%27750%27%3E%0A%20%20%20%20%3Cdefs%3E%3ClinearGradient%20id%3D%27g%27%20x1%3D%270%27%20x2%3D%271%27%20y1%3D%270%27%20y2%3D%271%27%3E%0A%20%20%20%20%20%20%3Cstop%20offset%3D%270%27%20stop-color%3D%27%23111318%27%20stop-opacity%3D%270.85%27/%3E%0A%20%20%20%20%20%20%3Cstop%20offset%3D%271%27%20stop-color%3D%27%23b11212%27%20stop-opacity%3D%270.75%27/%3E%0A%20%20%20%20%3C/linearGradient%3E%3C/defs%3E%0A%20%20%20%20%3Crect%20width%3D%271200%27%20height%3D%27750%27%20fill%3D%27url%28%23g%29%27/%3E%0A%20%20%20%20%3Ctext%20x%3D%2760%27%20y%3D%27140%27%20font-family%3D%27Arial%27%20font-size%3D%2764%27%20fill%3D%27white%27%20font-weight%3D%27700%27%3ENissan%20Qashqai%20DIG-T%20%E2%80%93%20Innen%3C/text%3E%0A%20%20%20%20%3Ctext%20x%3D%2760%27%20y%3D%27220%27%20font-family%3D%27Arial%27%20font-size%3D%2728%27%20fill%3D%27white%27%20opacity%3D%270.9%27%3EBeispielbild%3C/text%3E%0A%20%20%20%20%3C/svg%3E"
    ],
    "details": {
      "fahrzeugart": "Gebrauchtwagen",
      "karosserie": "Van",
      "leistung_ps": 220,
      "leistung_kw": 162,
      "hubraum_ccm": 1200,
      "antrieb": "Allrad",
      "farbe": "Rot",
      "innenfarbe": "Beige",
      "tueren": 3,
      "sitze": 7,
      "hu": "12/2027",
      "schadstoffklasse": "Euro 6d",
      "umweltplakette": "4 (Grün)",
      "vorbesitzer": 2,
      "unfallfrei": true,
      "scheckheftgepflegt": true,
      "garantie": true,
      "co2_g_km": 116,
      "verbrauch": "4.5 l/100 km",
      "ausstattung": [
        "ABS",
        "Alufelgen",
        "Anhängerkupplung",
        "Bluetooth",
        "Freisprecheinrichtung",
        "Klimaanlage",
        "LED-Scheinwerfer",
        "Tempomat",
        "Xenon"
      ],
      "beschreibung": "Nissan Qashqai DIG-T in gepflegtem Zustand. Kleine Gebrauchsspuren vorhanden.",
      "finanzierung_moeglich": true,
      "inzahlungnahme": true,
      "standort": "Bad Lippspringe",
      "plz": "33175",
      "land": "DE"
    }
  },
  {
    "id": "volvo-24",
    "titel": "Volvo V60 D4",
    "hersteller": "Volvo",
    "kraftstoff": "LPG",
    "getriebe": "Schaltgetriebe",
    "preis": 41660,
    "km": 115000,
    "ez": "04/2020",
    "status": "reserviert",
    "bilder": [
      "data:image/svg+xml;utf8,%3Csvg%20xmlns%3D%27http%3A//www.w3.org/2000/svg%27%20width%3D%271200%27%20height%3D%27750%27%3E%0A%20%20%20%20%3Cdefs%3E%3ClinearGradient%20id%3D%27g%27%20x1%3D%270%27%20x2%3D%271%27%20y1%3D%270%27%20y2%3D%271%27%3E%0A%20%20%20%20%20%20%3Cstop%20offset%3D%270%27%20stop-color%3D%27%23111318%27%20stop-opacity%3D%270.85%27/%3E%0A%20%20%20%20%20%20%3Cstop%20offset%3D%271%27%20stop-color%3D%27%23b11212%27%20stop-opacity%3D%270.75%27/%3E%0A%20%20%20%20%3C/linearGradient%3E%3C/defs%3E%0A%20%20%20%20%3Crect%20width%3D%271200%27%20height%3D%27750%27%20fill%3D%27url%28%23g%29%27/%3E%0A%20%20%20%20%3Ctext%20x%3D%2760%27%20y%3D%27140%27%20font-family%3D%27Arial%27%20font-size%3D%2764%27%20fill%3D%27white%27%20font-weight%3D%27700%27%3EVolvo%20V60%20D4%3C/text%3E%0A%20%20%20%20%3Ctext%20x%3D%2760%27%20y%3D%27220%27%20font-family%3D%27Arial%27%20font-size%3D%2728%27%20fill%3D%27white%27%20opacity%3D%270.9%27%3EBeispielbild%3C/text%3E%0A%20%20%20%20%3C/svg%3E",
      "data:image/svg+xml;utf8,%3Csvg%20xmlns%3D%27http%3A//www.w3.org/2000/svg%27%20width%3D%271200%27%20height%3D%27750%27%3E%0A%20%20%20%20%3Cdefs%3E%3ClinearGradient%20id%3D%27g%27%20x1%3D%270%27%20x2%3D%271%27%20y1%3D%270%27%20y2%3D%271%27%3E%0A%20%20%20%20%20%20%3Cstop%20offset%3D%270%27%20stop-color%3D%27%23111318%27%20stop-opacity%3D%270.85%27/%3E%0A%20%20%20%20%20%20%3Cstop%20offset%3D%271%27%20stop-color%3D%27%23b11212%27%20stop-opacity%3D%270.75%27/%3E%0A%20%20%20%20%3C/linearGradient%3E%3C/defs%3E%0A%20%20%20%20%3Crect%20width%3D%271200%27%20height%3D%27750%27%20fill%3D%27url%28%23g%29%27/%3E%0A%20%20%20%20%3Ctext%20x%3D%2760%27%20y%3D%27140%27%20font-family%3D%27Arial%27%20font-size%3D%2764%27%20fill%3D%27white%27%20font-weight%3D%27700%27%3EVolvo%20V60%20D4%20%E2%80%93%20Innen%3C/text%3E%0A%20%20%20%20%3Ctext%20x%3D%2760%27%20y%3D%27220%27%20font-family%3D%27Arial%27%20font-size%3D%2728%27%20fill%3D%27white%27%20opacity%3D%270.9%27%3EBeispielbild%3C/text%3E%0A%20%20%20%20%3C/svg%3E"
    ],
    "details": {
      "fahrzeugart": "Gebrauchtwagen",
      "karosserie": "Van",
      "leistung_ps": 85,
      "leistung_kw": 63,
      "hubraum_ccm": 1650,
      "antrieb": "Heckantrieb",
      "farbe": "Weiß",
      "innenfarbe": "Schwarz",
      "tueren": 5,
      "sitze": 5,
      "hu": "03/2026",
      "schadstoffklasse": "Euro 6d-TEMP",
      "umweltplakette": "4 (Grün)",
      "vorbesitzer": 1,
      "unfallfrei": false,
      "scheckheftgepflegt": true,
      "garantie": true,
      "co2_g_km": 190,
      "verbrauch": "6.6 l/100 km",
      "ausstattung": [
        "ABS",
        "Allrad",
        "Alufelgen",
        "Bluetooth",
        "DAB-Radio",
        "ESP",
        "Freisprecheinrichtung",
        "Keyless Go",
        "Navigationssystem",
        "Notbremsassistent",
        "Panoramadach",
        "Rückfahrkamera",
        "Tempomat"
      ],
      "beschreibung": "Volvo V60 D4 in gepflegtem Zustand. Unfallfrei.",
      "finanzierung_moeglich": true,
      "inzahlungnahme": true,
      "standort": "Bad Lippspringe",
      "plz": "33175",
      "land": "DE"
    }
  },
  {
    "id": "mini-25",
    "titel": "Mini Cooper",
    "hersteller": "Mini",
    "kraftstoff": "Diesel",
    "getriebe": "Automatik",
    "preis": 9750,
    "km": 186000,
    "ez": "12/2020",
    "status": "verfügbar",
    "bilder": [
      "data:image/svg+xml;utf8,%3Csvg%20xmlns%3D%27http%3A//www.w3.org/2000/svg%27%20width%3D%271200%27%20height%3D%27750%27%3E%0A%20%20%20%20%3Cdefs%3E%3ClinearGradient%20id%3D%27g%27%20x1%3D%270%27%20x2%3D%271%27%20y1%3D%270%27%20y2%3D%271%27%3E%0A%20%20%20%20%20%20%3Cstop%20offset%3D%270%27%20stop-color%3D%27%23111318%27%20stop-opacity%3D%270.85%27/%3E%0A%20%20%20%20%20%20%3Cstop%20offset%3D%271%27%20stop-color%3D%27%23b11212%27%20stop-opacity%3D%270.75%27/%3E%0A%20%20%20%20%3C/linearGradient%3E%3C/defs%3E%0A%20%20%20%20%3Crect%20width%3D%271200%27%20height%3D%27750%27%20fill%3D%27url%28%23g%29%27/%3E%0A%20%20%20%20%3Ctext%20x%3D%2760%27%20y%3D%27140%27%20font-family%3D%27Arial%27%20font-size%3D%2764%27%20fill%3D%27white%27%20font-weight%3D%27700%27%3EMini%20Cooper%3C/text%3E%0A%20%20%20%20%3Ctext%20x%3D%2760%27%20y%3D%27220%27%20font-family%3D%27Arial%27%20font-size%3D%2728%27%20fill%3D%27white%27%20opacity%3D%270.9%27%3EBeispielbild%3C/text%3E%0A%20%20%20%20%3C/svg%3E",
      "data:image/svg+xml;utf8,%3Csvg%20xmlns%3D%27http%3A//www.w3.org/2000/svg%27%20width%3D%271200%27%20height%3D%27750%27%3E%0A%20%20%20%20%3Cdefs%3E%3ClinearGradient%20id%3D%27g%27%20x1%3D%270%27%20x2%3D%271%27%20y1%3D%270%27%20y2%3D%271%27%3E%0A%20%20%20%20%20%20%3Cstop%20offset%3D%270%27%20stop-color%3D%27%23111318%27%20stop-opacity%3D%270.85%27/%3E%0A%20%20%20%20%20%20%3Cstop%20offset%3D%271%27%20stop-color%3D%27%23b11212%27%20stop-opacity%3D%270.75%27/%3E%0A%20%20%20%20%3C/linearGradient%3E%3C/defs%3E%0A%20%20%20%20%3Crect%20width%3D%271200%27%20height%3D%27750%27%20fill%3D%27url%28%23g%29%27/%3E%0A%20%20%20%20%3Ctext%20x%3D%2760%27%20y%3D%27140%27%20font-family%3D%27Arial%27%20font-size%3D%2764%27%20fill%3D%27white%27%20font-weight%3D%27700%27%3EMini%20Cooper%20%E2%80%93%20Innen%3C/text%3E%0A%20%20%20%20%3Ctext%20x%3D%2760%27%20y%3D%27220%27%20font-family%3D%27Arial%27%20font-size%3D%2728%27%20fill%3D%27white%27%20opacity%3D%270.9%27%3EBeispielbild%3C/text%3E%0A%20%20%20%20%3C/svg%3E"
    ],
    "details": {
      "fahrzeugart": "Gebrauchtwagen",
      "karosserie": "Van",
      "leistung_ps": 290,
      "leistung_kw": 213,
      "hubraum_ccm": 2800,
      "antrieb": "Frontantrieb",
      "farbe": "Silber",
      "innenfarbe": "Beige",
      "tueren": 5,
      "sitze": 5,
      "hu": "01/2026",
      "schadstoffklasse": "Euro 5",
      "umweltplakette": "3 (Gelb)",
      "vorbesitzer": 3,
      "unfallfrei": true,
      "scheckheftgepflegt": true,
      "garantie": false,
      "co2_g_km": 149,
      "verbrauch": "5.6 l/100 km",
      "ausstattung": [
        "Allrad",
        "Bluetooth",
        "Freisprecheinrichtung",
        "Head-Up Display",
        "Klimaautomatik",
        "LED-Scheinwerfer",
        "Navigationssystem",
        "Notbremsassistent",
        "Rückfahrkamera",
        "Tempomat"
      ],
      "beschreibung": "Mini Cooper in gepflegtem Zustand. Unfallfrei.",
      "finanzierung_moeglich": true,
      "inzahlungnahme": true,
      "standort": "Bad Lippspringe",
      "plz": "33175",
      "land": "DE"
    }
  },
  {
    "id": "porsche-26",
    "titel": "Porsche Macan",
    "hersteller": "Porsche",
    "kraftstoff": "Elektro",
    "getriebe": "Automatik",
    "preis": 32120,
    "km": 183000,
    "ez": "02/2019",
    "status": "verfügbar",
    "bilder": [
      "data:image/svg+xml;utf8,%3Csvg%20xmlns%3D%27http%3A//www.w3.org/2000/svg%27%20width%3D%271200%27%20height%3D%27750%27%3E%0A%20%20%20%20%3Cdefs%3E%3ClinearGradient%20id%3D%27g%27%20x1%3D%270%27%20x2%3D%271%27%20y1%3D%270%27%20y2%3D%271%27%3E%0A%20%20%20%20%20%20%3Cstop%20offset%3D%270%27%20stop-color%3D%27%23111318%27%20stop-opacity%3D%270.85%27/%3E%0A%20%20%20%20%20%20%3Cstop%20offset%3D%271%27%20stop-color%3D%27%23b11212%27%20stop-opacity%3D%270.75%27/%3E%0A%20%20%20%20%3C/linearGradient%3E%3C/defs%3E%0A%20%20%20%20%3Crect%20width%3D%271200%27%20height%3D%27750%27%20fill%3D%27url%28%23g%29%27/%3E%0A%20%20%20%20%3Ctext%20x%3D%2760%27%20y%3D%27140%27%20font-family%3D%27Arial%27%20font-size%3D%2764%27%20fill%3D%27white%27%20font-weight%3D%27700%27%3EPorsche%20Macan%3C/text%3E%0A%20%20%20%20%3Ctext%20x%3D%2760%27%20y%3D%27220%27%20font-family%3D%27Arial%27%20font-size%3D%2728%27%20fill%3D%27white%27%20opacity%3D%270.9%27%3EBeispielbild%3C/text%3E%0A%20%20%20%20%3C/svg%3E",
      "data:image/svg+xml;utf8,%3Csvg%20xmlns%3D%27http%3A//www.w3.org/2000/svg%27%20width%3D%271200%27%20height%3D%27750%27%3E%0A%20%20%20%20%3Cdefs%3E%3ClinearGradient%20id%3D%27g%27%20x1%3D%270%27%20x2%3D%271%27%20y1%3D%270%27%20y2%3D%271%27%3E%0A%20%20%20%20%20%20%3Cstop%20offset%3D%270%27%20stop-color%3D%27%23111318%27%20stop-opacity%3D%270.85%27/%3E%0A%20%20%20%20%20%20%3Cstop%20offset%3D%271%27%20stop-color%3D%27%23b11212%27%20stop-opacity%3D%270.75%27/%3E%0A%20%20%20%20%3C/linearGradient%3E%3C/defs%3E%0A%20%20%20%20%3Crect%20width%3D%271200%27%20height%3D%27750%27%20fill%3D%27url%28%23g%29%27/%3E%0A%20%20%20%20%3Ctext%20x%3D%2760%27%20y%3D%27140%27%20font-family%3D%27Arial%27%20font-size%3D%2764%27%20fill%3D%27white%27%20font-weight%3D%27700%27%3EPorsche%20Macan%20%E2%80%93%20Innen%3C/text%3E%0A%20%20%20%20%3Ctext%20x%3D%2760%27%20y%3D%27220%27%20font-family%3D%27Arial%27%20font-size%3D%2728%27%20fill%3D%27white%27%20opacity%3D%270.9%27%3EBeispielbild%3C/text%3E%0A%20%20%20%20%3C/svg%3E"
    ],
    "details": {
      "fahrzeugart": "Gebrauchtwagen",
      "karosserie": "Coupé",
      "leistung_ps": 175,
      "leistung_kw": 129,
      "antrieb": "Heckantrieb",
      "farbe": "Braun",
      "innenfarbe": "Schwarz",
      "tueren": 5,
      "sitze": 5,
      "hu": "09/2027",
      "schadstoffklasse": "keine",
      "umweltplakette": "keine",
      "vorbesitzer": 1,
      "unfallfrei": false,
      "scheckheftgepflegt": false,
      "garantie": false,
      "co2_g_km": 109,
      "verbrauch": "15.4 kWh/100 km",
      "ausstattung": [
        "Android Auto",
        "Anhängerkupplung",
        "Bluetooth",
        "ESP",
        "Freisprecheinrichtung",
        "Keyless Go",
        "Klimaanlage",
        "LED-Scheinwerfer",
        "Navigationssystem",
        "Notbremsassistent",
        "Spurhalteassistent",
        "Tempomat"
      ],
      "beschreibung": "Porsche Macan in gepflegtem Zustand. Unfallfrei.",
      "finanzierung_moeglich": true,
      "inzahlungnahme": true,
      "standort": "Bad Lippspringe",
      "plz": "33175",
      "land": "DE"
    }
  },
  {
    "id": "tesla-27",
    "titel": "Tesla Model 3 Long Range",
    "hersteller": "Tesla",
    "kraftstoff": "Elektro",
    "getriebe": "Automatik",
    "preis": 13490,
    "km": 102000,
    "ez": "09/2022",
    "status": "verfügbar",
    "bilder": [
      "data:image/svg+xml;utf8,%3Csvg%20xmlns%3D%27http%3A//www.w3.org/2000/svg%27%20width%3D%271200%27%20height%3D%27750%27%3E%0A%20%20%20%20%3Cdefs%3E%3ClinearGradient%20id%3D%27g%27%20x1%3D%270%27%20x2%3D%271%27%20y1%3D%270%27%20y2%3D%271%27%3E%0A%20%20%20%20%20%20%3Cstop%20offset%3D%270%27%20stop-color%3D%27%23111318%27%20stop-opacity%3D%270.85%27/%3E%0A%20%20%20%20%20%20%3Cstop%20offset%3D%271%27%20stop-color%3D%27%23b11212%27%20stop-opacity%3D%270.75%27/%3E%0A%20%20%20%20%3C/linearGradient%3E%3C/defs%3E%0A%20%20%20%20%3Crect%20width%3D%271200%27%20height%3D%27750%27%20fill%3D%27url%28%23g%29%27/%3E%0A%20%20%20%20%3Ctext%20x%3D%2760%27%20y%3D%27140%27%20font-family%3D%27Arial%27%20font-size%3D%2764%27%20fill%3D%27white%27%20font-weight%3D%27700%27%3ETesla%20Model%203%20Long%20Range%3C/text%3E%0A%20%20%20%20%3Ctext%20x%3D%2760%27%20y%3D%27220%27%20font-family%3D%27Arial%27%20font-size%3D%2728%27%20fill%3D%27white%27%20opacity%3D%270.9%27%3EBeispielbild%3C/text%3E%0A%20%20%20%20%3C/svg%3E",
      "data:image/svg+xml;utf8,%3Csvg%20xmlns%3D%27http%3A//www.w3.org/2000/svg%27%20width%3D%271200%27%20height%3D%27750%27%3E%0A%20%20%20%20%3Cdefs%3E%3ClinearGradient%20id%3D%27g%27%20x1%3D%270%27%20x2%3D%271%27%20y1%3D%270%27%20y2%3D%271%27%3E%0A%20%20%20%20%20%20%3Cstop%20offset%3D%270%27%20stop-color%3D%27%23111318%27%20stop-opacity%3D%270.85%27/%3E%0A%20%20%20%20%20%20%3Cstop%20offset%3D%271%27%20stop-color%3D%27%23b11212%27%20stop-opacity%3D%270.75%27/%3E%0A%20%20%20%20%3C/linearGradient%3E%3C/defs%3E%0A%20%20%20%20%3Crect%20width%3D%271200%27%20height%3D%27750%27%20fill%3D%27url%28%23g%29%27/%3E%0A%20%20%20%20%3Ctext%20x%3D%2760%27%20y%3D%27140%27%20font-family%3D%27Arial%27%20font-size%3D%2764%27%20fill%3D%27white%27%20font-weight%3D%27700%27%3ETesla%20Model%203%20Long%20Range%20%E2%80%93%20Innen%3C/text%3E%0A%20%20%20%20%3Ctext%20x%3D%2760%27%20y%3D%27220%27%20font-family%3D%27Arial%27%20font-size%3D%2728%27%20fill%3D%27white%27%20opacity%3D%270.9%27%3EBeispielbild%3C/text%3E%0A%20%20%20%20%3C/svg%3E"
    ],
    "details": {
      "fahrzeugart": "Gebrauchtwagen",
      "karosserie": "Kleinwagen",
      "leistung_ps": 130,
      "leistung_kw": 96,
      "antrieb": "Heckantrieb",
      "farbe": "Grau",
      "innenfarbe": "Schwarz",
      "tueren": 5,
      "sitze": 5,
      "hu": "01/2028",
      "schadstoffklasse": "keine",
      "umweltplakette": "keine",
      "vorbesitzer": 1,
      "unfallfrei": true,
      "scheckheftgepflegt": true,
      "garantie": true,
      "co2_g_km": 10,
      "verbrauch": "15.0 kWh/100 km",
      "ausstattung": [
        "Allrad",
        "Alufelgen",
        "Anhängerkupplung",
        "Apple CarPlay",
        "ESP",
        "Freisprecheinrichtung",
        "Head-Up Display",
        "LED-Scheinwerfer",
        "Navigationssystem",
        "Notbremsassistent",
        "Panoramadach",
        "Spurhalteassistent",
        "Xenon"
      ],
      "beschreibung": "Tesla Model 3 Long Range in gepflegtem Zustand. Unfallfrei.",
      "finanzierung_moeglich": true,
      "inzahlungnahme": true,
      "standort": "Bad Lippspringe",
      "plz": "33175",
      "land": "DE"
    }
  },
  {
    "id": "honda-28",
    "titel": "Honda Civic 1.5 VTEC",
    "hersteller": "Honda",
    "kraftstoff": "Benzin",
    "getriebe": "Automatik",
    "preis": 6810,
    "km": 159000,
    "ez": "12/2016",
    "status": "verfügbar",
    "bilder": [
      "data:image/svg+xml;utf8,%3Csvg%20xmlns%3D%27http%3A//www.w3.org/2000/svg%27%20width%3D%271200%27%20height%3D%27750%27%3E%0A%20%20%20%20%3Cdefs%3E%3ClinearGradient%20id%3D%27g%27%20x1%3D%270%27%20x2%3D%271%27%20y1%3D%270%27%20y2%3D%271%27%3E%0A%20%20%20%20%20%20%3Cstop%20offset%3D%270%27%20stop-color%3D%27%23111318%27%20stop-opacity%3D%270.85%27/%3E%0A%20%20%20%20%20%20%3Cstop%20offset%3D%271%27%20stop-color%3D%27%23b11212%27%20stop-opacity%3D%270.75%27/%3E%0A%20%20%20%20%3C/linearGradient%3E%3C/defs%3E%0A%20%20%20%20%3Crect%20width%3D%271200%27%20height%3D%27750%27%20fill%3D%27url%28%23g%29%27/%3E%0A%20%20%20%20%3Ctext%20x%3D%2760%27%20y%3D%27140%27%20font-family%3D%27Arial%27%20font-size%3D%2764%27%20fill%3D%27white%27%20font-weight%3D%27700%27%3EHonda%20Civic%201.5%20VTEC%3C/text%3E%0A%20%20%20%20%3Ctext%20x%3D%2760%27%20y%3D%27220%27%20font-family%3D%27Arial%27%20font-size%3D%2728%27%20fill%3D%27white%27%20opacity%3D%270.9%27%3EBeispielbild%3C/text%3E%0A%20%20%20%20%3C/svg%3E",
      "data:image/svg+xml;utf8,%3Csvg%20xmlns%3D%27http%3A//www.w3.org/2000/svg%27%20width%3D%271200%27%20height%3D%27750%27%3E%0A%20%20%20%20%3Cdefs%3E%3ClinearGradient%20id%3D%27g%27%20x1%3D%270%27%20x2%3D%271%27%20y1%3D%270%27%20y2%3D%271%27%3E%0A%20%20%20%20%20%20%3Cstop%20offset%3D%270%27%20stop-color%3D%27%23111318%27%20stop-opacity%3D%270.85%27/%3E%0A%20%20%20%20%20%20%3Cstop%20offset%3D%271%27%20stop-color%3D%27%23b11212%27%20stop-opacity%3D%270.75%27/%3E%0A%20%20%20%20%3C/linearGradient%3E%3C/defs%3E%0A%20%20%20%20%3Crect%20width%3D%271200%27%20height%3D%27750%27%20fill%3D%27url%28%23g%29%27/%3E%0A%20%20%20%20%3Ctext%20x%3D%2760%27%20y%3D%27140%27%20font-family%3D%27Arial%27%20font-size%3D%2764%27%20fill%3D%27white%27%20font-weight%3D%27700%27%3EHonda%20Civic%201.5%20VTEC%20%E2%80%93%20Innen%3C/text%3E%0A%20%20%20%20%3Ctext%20x%3D%2760%27%20y%3D%27220%27%20font-family%3D%27Arial%27%20font-size%3D%2728%27%20fill%3D%27white%27%20opacity%3D%270.9%27%3EBeispielbild%3C/text%3E%0A%20%20%20%20%3C/svg%3E"
    ],
    "details": {
      "fahrzeugart": "Gebrauchtwagen",
      "karosserie": "Van",
      "leistung_ps": 185,
      "leistung_kw": 136,
      "hubraum_ccm": 2000,
      "antrieb": "Heckantrieb",
      "farbe": "Braun",
      "innenfarbe": "Beige",
      "tueren": 5,
      "sitze": 4,
      "hu": "06/2026",
      "schadstoffklasse": "Euro 6d",
      "umweltplakette": "3 (Gelb)",
      "vorbesitzer": 1,
      "unfallfrei": false,
      "scheckheftgepflegt": true,
      "garantie": false,
      "co2_g_km": 113,
      "verbrauch": "5.8 l/100 km",
      "ausstattung": [
        "Alufelgen",
        "Apple CarPlay",
        "DAB-Radio",
        "Freisprecheinrichtung",
        "LED-Scheinwerfer",
        "Navigationssystem",
        "Parksensoren",
        "Sitzheizung",
        "Tempomat",
        "Xenon"
      ],
      "beschreibung": "Honda Civic 1.5 VTEC in gepflegtem Zustand. Kleine Gebrauchsspuren vorhanden.",
      "finanzierung_moeglich": true,
      "inzahlungnahme": true,
      "standort": "Bad Lippspringe",
      "plz": "33175",
      "land": "DE"
    }
  },
  {
    "id": "citroën-29",
    "titel": "Citroën C3 PureTech",
    "hersteller": "Citroën",
    "kraftstoff": "Benzin",
    "getriebe": "Automatik",
    "preis": 40140,
    "km": 61000,
    "ez": "10/2015",
    "status": "verfügbar",
    "bilder": [
      "data:image/svg+xml;utf8,%3Csvg%20xmlns%3D%27http%3A//www.w3.org/2000/svg%27%20width%3D%271200%27%20height%3D%27750%27%3E%0A%20%20%20%20%3Cdefs%3E%3ClinearGradient%20id%3D%27g%27%20x1%3D%270%27%20x2%3D%271%27%20y1%3D%270%27%20y2%3D%271%27%3E%0A%20%20%20%20%20%20%3Cstop%20offset%3D%270%27%20stop-color%3D%27%23111318%27%20stop-opacity%3D%270.85%27/%3E%0A%20%20%20%20%20%20%3Cstop%20offset%3D%271%27%20stop-color%3D%27%23b11212%27%20stop-opacity%3D%270.75%27/%3E%0A%20%20%20%20%3C/linearGradient%3E%3C/defs%3E%0A%20%20%20%20%3Crect%20width%3D%271200%27%20height%3D%27750%27%20fill%3D%27url%28%23g%29%27/%3E%0A%20%20%20%20%3Ctext%20x%3D%2760%27%20y%3D%27140%27%20font-family%3D%27Arial%27%20font-size%3D%2764%27%20fill%3D%27white%27%20font-weight%3D%27700%27%3ECitro%C3%ABn%20C3%20PureTech%3C/text%3E%0A%20%20%20%20%3Ctext%20x%3D%2760%27%20y%3D%27220%27%20font-family%3D%27Arial%27%20font-size%3D%2728%27%20fill%3D%27white%27%20opacity%3D%270.9%27%3EBeispielbild%3C/text%3E%0A%20%20%20%20%3C/svg%3E",
      "data:image/svg+xml;utf8,%3Csvg%20xmlns%3D%27http%3A//www.w3.org/2000/svg%27%20width%3D%271200%27%20height%3D%27750%27%3E%0A%20%20%20%20%3Cdefs%3E%3ClinearGradient%20id%3D%27g%27%20x1%3D%270%27%20x2%3D%271%27%20y1%3D%270%27%20y2%3D%271%27%3E%0A%20%20%20%20%20%20%3Cstop%20offset%3D%270%27%20stop-color%3D%27%23111318%27%20stop-opacity%3D%270.85%27/%3E%0A%20%20%20%20%20%20%3Cstop%20offset%3D%271%27%20stop-color%3D%27%23b11212%27%20stop-opacity%3D%270.75%27/%3E%0A%20%20%20%20%3C/linearGradient%3E%3C/defs%3E%0A%20%20%20%20%3Crect%20width%3D%271200%27%20height%3D%27750%27%20fill%3D%27url%28%23g%29%27/%3E%0A%20%20%20%20%3Ctext%20x%3D%2760%27%20y%3D%27140%27%20font-family%3D%27Arial%27%20font-size%3D%2764%27%20fill%3D%27white%27%20font-weight%3D%27700%27%3ECitro%C3%ABn%20C3%20PureTech%20%E2%80%93%20Innen%3C/text%3E%0A%20%20%20%20%3Ctext%20x%3D%2760%27%20y%3D%27220%27%20font-family%3D%27Arial%27%20font-size%3D%2728%27%20fill%3D%27white%27%20opacity%3D%270.9%27%3EBeispielbild%3C/text%3E%0A%20%20%20%20%3C/svg%3E"
    ],
    "details": {
      "fahrzeugart": "Gebrauchtwagen",
      "karosserie": "Van",
      "leistung_ps": 140,
      "leistung_kw": 103,
      "hubraum_ccm": 1900,
      "antrieb": "Allrad",
      "farbe": "Braun",
      "innenfarbe": "Schwarz",
      "tueren": 3,
      "sitze": 7,
      "hu": "09/2027",
      "schadstoffklasse": "Euro 6d-TEMP",
      "umweltplakette": "3 (Gelb)",
      "vorbesitzer": 1,
      "unfallfrei": true,
      "scheckheftgepflegt": true,
      "garantie": true,
      "co2_g_km": 202,
      "verbrauch": "8.6 l/100 km",
      "ausstattung": [
        "Allrad",
        "Android Auto",
        "Anhängerkupplung",
        "Apple CarPlay",
        "DAB-Radio",
        "Keyless Go",
        "Klimaanlage",
        "Navigationssystem",
        "Notbremsassistent",
        "Xenon"
      ],
      "beschreibung": "Citroën C3 PureTech in gepflegtem Zustand. Unfallfrei.",
      "finanzierung_moeglich": true,
      "inzahlungnahme": true,
      "standort": "Bad Lippspringe",
      "plz": "33175",
      "land": "DE"
    }
  },
  {
    "id": "fiat-30",
    "titel": "Fiat 500 Hybrid",
    "hersteller": "Fiat",
    "kraftstoff": "Elektro",
    "getriebe": "Automatik",
    "preis": 24000,
    "km": 100000,
    "ez": "02/2017",
    "status": "verfügbar",
    "bilder": [
      "data:image/svg+xml;utf8,%3Csvg%20xmlns%3D%27http%3A//www.w3.org/2000/svg%27%20width%3D%271200%27%20height%3D%27750%27%3E%0A%20%20%20%20%3Cdefs%3E%3ClinearGradient%20id%3D%27g%27%20x1%3D%270%27%20x2%3D%271%27%20y1%3D%270%27%20y2%3D%271%27%3E%0A%20%20%20%20%20%20%3Cstop%20offset%3D%270%27%20stop-color%3D%27%23111318%27%20stop-opacity%3D%270.85%27/%3E%0A%20%20%20%20%20%20%3Cstop%20offset%3D%271%27%20stop-color%3D%27%23b11212%27%20stop-opacity%3D%270.75%27/%3E%0A%20%20%20%20%3C/linearGradient%3E%3C/defs%3E%0A%20%20%20%20%3Crect%20width%3D%271200%27%20height%3D%27750%27%20fill%3D%27url%28%23g%29%27/%3E%0A%20%20%20%20%3Ctext%20x%3D%2760%27%20y%3D%27140%27%20font-family%3D%27Arial%27%20font-size%3D%2764%27%20fill%3D%27white%27%20font-weight%3D%27700%27%3EFiat%20500%20Hybrid%3C/text%3E%0A%20%20%20%20%3Ctext%20x%3D%2760%27%20y%3D%27220%27%20font-family%3D%27Arial%27%20font-size%3D%2728%27%20fill%3D%27white%27%20opacity%3D%270.9%27%3EBeispielbild%3C/text%3E%0A%20%20%20%20%3C/svg%3E",
      "data:image/svg+xml;utf8,%3Csvg%20xmlns%3D%27http%3A//www.w3.org/2000/svg%27%20width%3D%271200%27%20height%3D%27750%27%3E%0A%20%20%20%20%3Cdefs%3E%3ClinearGradient%20id%3D%27g%27%20x1%3D%270%27%20x2%3D%271%27%20y1%3D%270%27%20y2%3D%271%27%3E%0A%20%20%20%20%20%20%3Cstop%20offset%3D%270%27%20stop-color%3D%27%23111318%27%20stop-opacity%3D%270.85%27/%3E%0A%20%20%20%20%20%20%3Cstop%20offset%3D%271%27%20stop-color%3D%27%23b11212%27%20stop-opacity%3D%270.75%27/%3E%0A%20%20%20%20%3C/linearGradient%3E%3C/defs%3E%0A%20%20%20%20%3Crect%20width%3D%271200%27%20height%3D%27750%27%20fill%3D%27url%28%23g%29%27/%3E%0A%20%20%20%20%3Ctext%20x%3D%2760%27%20y%3D%27140%27%20font-family%3D%27Arial%27%20font-size%3D%2764%27%20fill%3D%27white%27%20font-weight%3D%27700%27%3EFiat%20500%20Hybrid%20%E2%80%93%20Innen%3C/text%3E%0A%20%20%20%20%3Ctext%20x%3D%2760%27%20y%3D%27220%27%20font-family%3D%27Arial%27%20font-size%3D%2728%27%20fill%3D%27white%27%20opacity%3D%270.9%27%3EBeispielbild%3C/text%3E%0A%20%20%20%20%3C/svg%3E"
    ],
    "details": {
      "fahrzeugart": "Gebrauchtwagen",
      "karosserie": "Van",
      "leistung_ps": 275,
      "leistung_kw": 202,
      "antrieb": "Heckantrieb",
      "farbe": "Grau",
      "innenfarbe": "Beige",
      "tueren": 3,
      "sitze": 5,
      "hu": "01/2026",
      "schadstoffklasse": "keine",
      "umweltplakette": "keine",
      "vorbesitzer": 1,
      "unfallfrei": true,
      "scheckheftgepflegt": true,
      "garantie": true,
      "co2_g_km": 66,
      "verbrauch": "17.8 kWh/100 km",
      "ausstattung": [
        "ABS",
        "Alufelgen",
        "Android Auto",
        "DAB-Radio",
        "Freisprecheinrichtung",
        "Klimaanlage",
        "LED-Scheinwerfer",
        "Notbremsassistent",
        "Rückfahrkamera",
        "Xenon"
      ],
      "beschreibung": "Fiat 500 Hybrid in gepflegtem Zustand. Unfallfrei.",
      "finanzierung_moeglich": true,
      "inzahlungnahme": true,
      "standort": "Bad Lippspringe",
      "plz": "33175",
      "land": "DE"
    }
  }
]